epoch,loss,psnr
0,0.011008292,26.66640816
1,0.002391442,28.55941086
2,0.002198257,29.33200264
3,0.00205792,29.82858963
4,0.001941655,30.20122147
5,0.001852852,30.47068138
6,0.001791167,30.65168266
7,0.00175055,30.76619568
8,0.001724122,30.84057922
9,0.001706373,30.88803711
10,0.001694202,30.91996765
11,0.001685529,30.94168167
12,0.001679324,30.95705223
13,0.001674425,30.96847649
14,0.001670537,30.97694473
15,0.001667281,30.98360252
16,0.001664345,30.99004745
17,0.001661566,30.99418793
18,0.001658992,30.99807358
19,0.001656523,31.00246811
20,0.001654009,31.00764885
21,0.001651659,31.01443977
22,0.001649247,31.02025261
23,0.001646975,31.02826729
24,0.001644786,31.03550072
25,0.001642474,31.04244804
26,0.001640339,31.04981308
27,0.001638235,31.05652504
28,0.001636129,31.06321793
29,0.00163397,31.06904945
30,0.001631931,31.07544022
31,0.001629872,31.08168945
32,0.001627759,31.0887928
33,0.001625525,31.09620743
34,0.001623403,31.1050869
35,0.00162137,31.11386833
36,0.001619545,31.12391815
37,0.001617506,31.13354149
38,0.001615726,31.1436985
39,0.001613838,31.15247726
40,0.001612024,31.16163788
41,0.001610198,31.16966705
42,0.001608673,31.17742615
43,0.001607012,31.18364639
44,0.001605471,31.19021072
45,0.001603972,31.19562569
46,0.001602388,31.20129471
47,0.001601046,31.20585442
48,0.001599686,31.2102459
49,0.001598124,31.21539001
50,0.0015964,31.22341347
51,0.001595191,31.2301384
52,0.001594016,31.23716774
53,0.00159282,31.24270973
54,0.001591442,31.24836884
55,0.001590307,31.25437775
56,0.001589153,31.25929604
57,0.001588108,31.26405945
58,0.001587236,31.26584167
59,0.001586233,31.27156372
60,0.001585241,31.27482605
61,0.001584399,31.27847748
62,0.001583543,31.28133354
63,0.001582733,31.28382454
64,0.001581934,31.2870697
65,0.00158119,31.28995552
66,0.001580284,31.29219284
67,0.001579522,31.29664154
68,0.00157884,31.2979702
69,0.001578164,31.30086327
70,0.0015773,31.30547638
71,0.001576613,31.30683289
72,0.00157597,31.31081924
73,0.001575261,31.31345444
74,0.001574652,31.31725922
75,0.001573886,31.32002525
76,0.00157326,31.32060547
77,0.00157239,31.32400055
78,0.001571859,31.33006096
79,0.00157128,31.33339729
80,0.001570688,31.33801537
81,0.001570056,31.34127007
82,0.001569465,31.34479256
83,0.001568878,31.34726105
84,0.001568264,31.34916763
85,0.001567563,31.35316772
86,0.001566934,31.35677109
87,0.001566378,31.35924454
88,0.001565885,31.36200256
89,0.001565234,31.36413689
90,0.00156465,31.36652641
91,0.001564101,31.36869316
92,0.001563536,31.37041893
93,0.001562981,31.37274857
94,0.001562413,31.37451859
95,0.001561816,31.37611732
96,0.001561248,31.37878075
97,0.001560703,31.38078804
98,0.001560054,31.3826683
99,0.001559628,31.38491516
100,0.001558918,31.3864357
101,0.00155836,31.38808708
102,0.001557783,31.39058037
103,0.001557143,31.39194717
104,0.001556554,31.39420662
105,0.001556033,31.39665604
106,0.001555422,31.39798088
107,0.001554855,31.40021858
108,0.001554289,31.40124016
109,0.001553646,31.40225754
110,0.001553033,31.40558701
111,0.001552364,31.40788231
112,0.001551799,31.4102787
113,0.001551196,31.41083641
114,0.001550542,31.41306686
115,0.001550097,31.41624069
116,0.0015493,31.41802406
117,0.001548783,31.41993637
118,0.001548222,31.42063751
119,0.001547579,31.42409859
120,0.00154713,31.42650833
121,0.001546556,31.42884216
122,0.001545984,31.42939415
123,0.001545318,31.43177147
124,0.001544797,31.43425064
125,0.00154431,31.43600121
126,0.001543721,31.43817444
127,0.001543187,31.4402668
128,0.001542651,31.44119492
129,0.001542184,31.44272003
130,0.00154162,31.44501839
131,0.001541139,31.44371033
132,0.001540674,31.44844017
133,0.00154011,31.4501667
134,0.001539724,31.45228806
135,0.001539256,31.45324669
136,0.001538923,31.45543556
137,0.001538501,31.456633
138,0.00153797,31.45726585
139,0.001537609,31.45927963
140,0.001537331,31.46004448
141,0.001536961,31.46175652
142,0.001536574,31.46260414
143,0.00153612,31.46350403
144,0.001535859,31.46493645
145,0.00153557,31.46714554
146,0.001535225,31.46740761
147,0.001534936,31.46813812
148,0.001534636,31.46938553
149,0.001534255,31.47035828
150,0.001534061,31.4706295
151,0.001533777,31.47074127
152,0.001533526,31.47127838
153,0.001533242,31.47344589
154,0.001532956,31.47282829
155,0.001532783,31.47361984
156,0.001532455,31.47416916
157,0.001532243,31.47454834
158,0.001531904,31.47534065
159,0.001531834,31.47668839
160,0.001531453,31.47637787
161,0.001531248,31.47799416
162,0.00153102,31.4789463
163,0.001530778,31.47845459
164,0.001530644,31.47934608
165,0.001530394,31.48041458
166,0.001530197,31.48121185
167,0.001529951,31.48099213
168,0.001529751,31.48197289
169,0.001529681,31.48314934
170,0.001529409,31.48451996
171,0.001529171,31.48421783
172,0.001529003,31.48493042
173,0.001528776,31.4847702
174,0.001528598,31.48474541
175,0.001528376,31.48471832
176,0.001528202,31.48758926
177,0.00152803,31.48827972
178,0.001527784,31.48733253
179,0.001527621,31.48856316
180,0.001527426,31.48854599
181,0.001527301,31.48799324
182,0.001527026,31.48938255
183,0.001526764,31.48842659
184,0.00152676,31.48856888
185,0.001526506,31.48773308
186,0.001526329,31.48964119
187,0.001525995,31.49068031
188,0.001525899,31.48978729
189,0.001525718,31.49079704
190,0.001525534,31.4914402
191,0.001525297,31.49001274
192,0.001525073,31.49221649
193,0.001524894,31.49258652
194,0.001524678,31.49310799
195,0.00152448,31.49513931
196,0.001524353,31.49460335
197,0.001524003,31.4954216
198,0.001523912,31.49594765
199,0.00152366,31.49727516
200,0.001523462,31.49312248
201,0.001523176,31.49766998
202,0.001522957,31.49937477
203,0.001522774,31.50023308
204,0.001522575,31.49896317
205,0.001522344,31.50228806
206,0.001522094,31.49984818
207,0.001521658,31.50256653
208,0.001521473,31.50417786
209,0.001521373,31.50503197
210,0.00152097,31.50572128
211,0.001520879,31.50685806
212,0.001520649,31.50823669
213,0.001520356,31.50871429
214,0.001520035,31.50862312
215,0.001519792,31.50860329
216,0.001519558,31.51115837
217,0.001519198,31.51181068
218,0.001518911,31.51332817
219,0.001518569,31.51428757
220,0.001518387,31.51352386
221,0.001518006,31.51572762
222,0.001517724,31.51626587
223,0.001517373,31.51872749
224,0.001516997,31.51935349
225,0.001516673,31.5212532
226,0.001516312,31.51991997
227,0.001515959,31.52414856
228,0.001515657,31.52517052
229,0.001515306,31.52727585
230,0.001514866,31.52701225
231,0.00151442,31.52996864
232,0.001514032,31.52923317
233,0.001513604,31.53251038
234,0.001513133,31.53354683
235,0.001512797,31.53714142
236,0.001512369,31.53750801
237,0.001511979,31.53953819
238,0.001511413,31.54231071
239,0.001510917,31.5432476
240,0.001510439,31.54553986
241,0.001509896,31.54749527
242,0.001509462,31.54928894
243,0.001508923,31.55184097
244,0.001508443,31.55435867
245,0.001507915,31.55723076
246,0.001507398,31.55781212
247,0.001506835,31.56034698
248,0.001506284,31.56308289
249,0.001505706,31.56457939
250,0.001505071,31.56701698
251,0.001504649,31.56724892
252,0.001503982,31.57359123
253,0.00150348,31.575214
254,0.001502878,31.57415237
255,0.00150233,31.58055
256,0.001501769,31.58341408
257,0.001501173,31.58563004
258,0.001500574,31.58906517
259,0.001499987,31.59148903
260,0.001499412,31.5946846
261,0.001498847,31.59680939
262,0.001498051,31.59964142
263,0.001497663,31.6032814
264,0.001497134,31.60590172
265,0.001496484,31.60993156
266,0.001495973,31.61113167
267,0.00149538,31.61530151
268,0.001494748,31.61684494
269,0.001494245,31.61700783
270,0.001493651,31.62413216
271,0.001493085,31.62467346
272,0.001492432,31.62984734
273,0.001491952,31.63155441
274,0.001491403,31.63364334
275,0.001490858,31.6361515
276,0.001490303,31.63972321
277,0.001489684,31.64294891
278,0.001489134,31.64603577
279,0.001488664,31.64694557
280,0.001488045,31.64989586
281,0.001487551,31.65401764
282,0.001487139,31.65448227
283,0.00148657,31.65716019
284,0.001486089,31.66089706
285,0.001485513,31.66470222
286,0.001485085,31.6646843
287,0.001484536,31.66617699
288,0.001484012,31.67317657
289,0.00148355,31.67197495
290,0.001483056,31.67496719
291,0.001482461,31.67817917
292,0.001482055,31.68190842
293,0.001481629,31.68179169
294,0.001481147,31.68550644
295,0.001480605,31.68875084
296,0.001480014,31.69099464
297,0.0014796,31.69485359
298,0.00147916,31.69503975
299,0.00147862,31.69584465
300,0.001478123,31.69939384
301,0.001477625,31.70507889
302,0.001477138,31.7056118
303,0.001476531,31.70619202
304,0.001476152,31.70578995
305,0.001475664,31.71067352
306,0.001475124,31.71511078
307,0.00147466,31.71881676
308,0.001474159,31.71871834
309,0.001473741,31.72012367
310,0.001473192,31.72068443
311,0.001472716,31.72301102
312,0.001472234,31.7271862
313,0.001471695,31.72955894
314,0.001471168,31.73251762
315,0.001470642,31.73306313
316,0.00147015,31.73624382
317,0.001469692,31.73900642
318,0.00146923,31.73409805
319,0.001468712,31.74100075
320,0.001468078,31.74456329
321,0.001467759,31.74775085
322,0.001467204,31.74626312
323,0.001466645,31.74781952
324,0.001466086,31.7528389
325,0.001465643,31.75797844
326,0.001465225,31.7579422
327,0.001464647,31.76275787
328,0.001464181,31.76179962
329,0.001463731,31.76696472
330,0.001463169,31.76636581
331,0.001462707,31.76723785
332,0.001462228,31.77418709
333,0.001461726,31.77149467
334,0.001461202,31.77647247
335,0.001460763,31.77731476
336,0.001460163,31.78203964
337,0.001459745,31.78220329
338,0.001459162,31.78583679
339,0.001458728,31.78770142
340,0.001458275,31.78913345
341,0.001457802,31.7879982
342,0.001457178,31.79549294
343,0.001456669,31.79687843
344,0.001456267,31.80054474
345,0.001455766,31.80244637
346,0.001455374,31.80601997
347,0.001454876,31.80713615
348,0.00145438,31.81104317
349,0.001453779,31.81269302
350,0.001453281,31.81448708
351,0.001452849,31.81439209
352,0.001452321,31.81942024
353,0.001451905,31.81876221
354,0.001451404,31.8209259
355,0.001450886,31.8243412
356,0.001450442,31.82565155
357,0.001449909,31.82909546
358,0.001449488,31.83048248
359,0.001449004,31.8341507
360,0.001448455,31.83629646
361,0.001447901,31.84063683
362,0.001447185,31.83944969
363,0.001446624,31.84229851
364,0.001446119,31.84202614
365,0.001445543,31.84950218
366,0.001445012,31.84848633
367,0.001444557,31.84943695
368,0.001444146,31.85472527
369,0.001443653,31.8493187
370,0.001443111,31.85604897
371,0.001442697,31.85679016
372,0.001442225,31.85760956
373,0.001441771,31.85698853
374,0.001441401,31.86016731
375,0.001440944,31.86705551
376,0.001440492,31.86366997
377,0.001440028,31.86165276
378,0.001439718,31.86846275
379,0.001439232,31.87088318
380,0.001438707,31.87303848
381,0.001438418,31.87296219
382,0.001438009,31.87494354
383,0.001437638,31.87876854
384,0.001437165,31.88168106
385,0.001436778,31.87993927
386,0.001436374,31.88317146
387,0.001435926,31.88602905
388,0.001435557,31.88958817
389,0.001435164,31.88896484
390,0.001434822,31.89094009
391,0.001434357,31.89069252
392,0.001434025,31.8900444
393,0.001433628,31.89106522
394,0.001433206,31.89485512
395,0.001432813,31.89765091
396,0.001432537,31.89692421
397,0.001432088,31.90216866
398,0.001431695,31.90354042
399,0.001431306,31.90065575
400,0.001430982,31.90263939
401,0.001430565,31.90552216
402,0.001430216,31.90683594
403,0.001429864,31.91051369
404,0.001429434,31.91023026
405,0.00142921,31.91303787
406,0.001428816,31.91402779
407,0.001428461,31.91422844
408,0.001428089,31.91584282
409,0.00142781,31.91947289
410,0.001427429,31.92030258
411,0.001427125,31.9204834
412,0.001426793,31.92090988
413,0.001426455,31.92421761
414,0.001426132,31.9261097
415,0.001425875,31.92843132
416,0.001425554,31.92571297
417,0.00142518,31.93066788
418,0.0014249,31.9315197
419,0.001424646,31.93109055
420,0.001424207,31.93568687
421,0.001423995,31.93670692
422,0.001423702,31.93718567
423,0.001423392,31.93846855
424,0.001422967,31.92963943
425,0.001422825,31.94267426
426,0.001422445,31.94339027
427,0.001422206,31.93922386
428,0.001421873,31.94698677
429,0.001421574,31.94697838
430,0.001421269,31.94890518
431,0.001420958,31.94781647
432,0.001420726,31.9484684
433,0.001420337,31.95172997
434,0.00142017,31.95387077
435,0.001419878,31.95380325
436,0.001419571,31.95807381
437,0.00141928,31.95434608
438,0.001419106,31.95882988
439,0.001418845,31.95825233
440,0.001418611,31.96033211
441,0.001418198,31.95659523
442,0.001418062,31.95883293
443,0.001417764,31.96169815
444,0.001417613,31.96235352
445,0.001417139,31.96086197
446,0.001416973,31.9647274
447,0.001416676,31.96363106
448,0.001416448,31.96593132
449,0.001416214,31.96150742
450,0.001416002,31.96616783
451,0.00141577,31.96822548
452,0.001415439,31.97059402
453,0.001415213,31.97453957
454,0.001414942,31.97611427
455,0.001414722,31.97630615
456,0.00141449,31.97513046
457,0.001414128,31.98043251
458,0.001414046,31.97805901
459,0.001413794,31.98007813
460,0.001413611,31.98352051
461,0.001413322,31.97972488
462,0.001412887,31.98109093
463,0.001412899,31.97992706
464,0.001412587,31.98569221
465,0.001412437,31.98666229
466,0.001412118,31.98021927
467,0.001411894,31.98518639
468,0.00141172,31.98813477
469,0.001411474,31.98534966
470,0.001411228,31.98887177
471,0.001410966,31.99289169
472,0.001410814,31.99137192
473,0.001410614,31.98817101
474,0.001410409,31.99293251
475,0.001410149,31.98911018
476,0.001409948,31.99328079
477,0.001409781,31.99599953
478,0.001409513,32.00207443
479,0.001409375,31.99820976
480,0.001409126,31.9944313
481,0.001408828,31.99601059
482,0.001408636,32.00212975
483,0.001408509,31.99483643
484,0.001408257,32.0037075
485,0.001408017,32.00076523
486,0.001407879,32.00030403
487,0.001407625,32.00683365
488,0.001407474,31.99890633
489,0.001407291,32.00283127
490,0.001407067,32.00749855
491,0.001406766,32.00837746
492,0.001406649,32.01052704
493,0.001406418,32.0089119
494,0.001406233,32.00841599
495,0.001405925,32.01190681
496,0.001405785,32.01016388
497,0.001405654,32.01614494
498,0.001405428,32.01303749
499,0.001405229,32.02105484
500,0.001405064,32.01336212
501,0.001404888,32.01748238
502,0.001404625,32.01353188
503,0.001404438,32.01725044
504,0.0014042,32.02063713
505,0.001404071,32.01872597
506,0.001403782,32.02229347
507,0.001403699,32.02181778
508,0.001403501,32.02395821
509,0.001403298,32.02474785
510,0.001403095,32.02294807
511,0.001402886,32.02165947
512,0.001402732,32.02469864
513,0.001402486,32.02483673
514,0.0014023,32.02940979
515,0.001402184,32.02550888
516,0.001401949,32.02830048
517,0.001401722,32.02803574
518,0.001401501,32.02665863
519,0.001401379,32.02743073
520,0.001401108,32.02913666
521,0.001400999,32.03377647
522,0.001400849,32.03140373
523,0.001400571,32.03381195
524,0.00140048,32.03547783
525,0.001400307,32.03695869
526,0.001400056,32.0355545
527,0.001399904,32.03887444
528,0.001399756,32.03938866
529,0.001399526,32.03559723
530,0.001399355,32.04233131
531,0.001399187,32.04488907
532,0.001398963,32.04241486
533,0.001398801,32.03892555
534,0.001398513,32.04453201
535,0.001398434,32.04847221
536,0.001398172,32.04965286
537,0.001398054,32.04818649
538,0.001397852,32.05138779
539,0.001397698,32.04541245
540,0.001397473,32.0469841
541,0.001397331,32.04950867
542,0.001397148,32.0504673
543,0.001396867,32.04817924
544,0.00139674,32.04949913
545,0.00139659,32.05600128
546,0.001396363,32.05006828
547,0.001396228,32.05289764
548,0.001395989,32.05402145
549,0.001395841,32.05440216
550,0.001395655,32.05332375
551,0.001395451,32.05802193
552,0.001395223,32.05423737
553,0.001395133,32.06043091
554,0.001394961,32.05684319
555,0.00139474,32.05886154
556,0.001394562,32.05680466
557,0.001394372,32.06337967
558,0.001394195,32.06207466
559,0.001394003,32.06205521
560,0.001393725,32.06104393
561,0.001393621,32.06407852
562,0.001393502,32.0617485
563,0.001393275,32.06508598
564,0.001393012,32.06757622
565,0.001392866,32.0692585
566,0.001392716,32.06852493
567,0.00139239,32.06971474
568,0.001392268,32.06575661
569,0.001392159,32.07172127
570,0.001391945,32.06746178
571,0.00139167,32.07060966
572,0.001391418,32.06998405
573,0.001391244,32.07339287
574,0.001391062,32.07632599
575,0.001390854,32.07688637
576,0.001390713,32.07440453
577,0.001390429,32.07673454
578,0.001390265,32.07428055
579,0.001390083,32.07786598
580,0.001389925,32.0780159
581,0.001389755,32.07955246
582,0.001389466,32.07851868
583,0.001389313,32.07849503
584,0.001389094,32.08420563
585,0.001388946,32.08828506
586,0.001388766,32.08584518
587,0.001388545,32.08774986
588,0.001388456,32.08298149
589,0.001388205,32.08818436
590,0.001387925,32.08550835
591,0.001387812,32.08545265
592,0.001387704,32.08488617
593,0.001387359,32.08399773
594,0.001387249,32.09027443
595,0.001387144,32.08665276
596,0.001386942,32.08886986
597,0.001386776,32.08292046
598,0.00138659,32.09428482
599,0.001386302,32.09041786
600,0.001386189,32.08912125
601,0.001385957,32.0920742
602,0.001385821,32.0931366
603,0.001385527,32.09103394
604,0.001385454,32.09657631
605,0.001385305,32.09571571
606,0.001385121,32.09353256
607,0.001384884,32.09180679
608,0.001384739,32.0955204
609,0.001384528,32.09677963
610,0.001384384,32.09122009
611,0.001384132,32.09515114
612,0.001384048,32.10093422
613,0.00138381,32.10088272
614,0.001383578,32.10499992
615,0.001383446,32.10040665
616,0.001383296,32.10042915
617,0.0013831,32.10149498
618,0.001382879,32.10745392
619,0.001382659,32.09905396
620,0.001382583,32.09968109
621,0.001382208,32.10284767
622,0.001382188,32.10695992
623,0.001382,32.10859871
624,0.001381778,32.10677223
625,0.001381566,32.10727768
626,0.001381483,32.11022644
627,0.001381259,32.11266518
628,0.001381039,32.10905571
629,0.00138098,32.10822563
630,0.001380598,32.11078568
631,0.001380397,32.11026459
632,0.001380329,32.11323929
633,0.001380215,32.11250305
634,0.001379992,32.11548271
635,0.001379867,32.10974541
636,0.00137964,32.11595001
637,0.00137932,32.11615715
638,0.001379301,32.1157959
639,0.001379092,32.11512604
640,0.001378964,32.115485
641,0.001378787,32.11208992
642,0.001378536,32.12170105
643,0.00137833,32.12239609
644,0.001378331,32.12042046
645,0.001377978,32.11979904
646,0.001377919,32.12280464
647,0.001377779,32.11930275
648,0.00137751,32.1189888
649,0.001377331,32.11905518
650,0.001377284,32.11873627
651,0.0013771,32.11943169
652,0.001376881,32.12360611
653,0.001376752,32.12415733
654,0.00137662,32.11886139
655,0.001376431,32.12176628
656,0.001376234,32.12190819
657,0.001375963,32.12461967
658,0.00137585,32.11992226
659,0.001375814,32.12496529
660,0.001375608,32.13076553
661,0.001375392,32.1293911
662,0.001375334,32.126651
663,0.001375216,32.1293644
664,0.001374981,32.12843895
665,0.001374734,32.12554779
666,0.001374658,32.13010483
667,0.001374486,32.13278275
668,0.001374362,32.12899818
669,0.0013742,32.13211899
670,0.001373872,32.13218994
671,0.001373822,32.13167343
672,0.001373714,32.13732986
673,0.001373516,32.13070488
674,0.001373363,32.1325161
675,0.001373193,32.13457985
676,0.001373033,32.13838577
677,0.001372967,32.13553391
678,0.001372771,32.13689423
679,0.001372577,32.13780518
680,0.001372424,32.1392807
681,0.001372294,32.13772926
682,0.001372061,32.13286285
683,0.001371936,32.13590698
684,0.001371838,32.13708916
685,0.001371664,32.13907585
686,0.001371584,32.13652725
687,0.001371404,32.14067383
688,0.001371224,32.13858147
689,0.001370954,32.13961143
690,0.001370971,32.14412117
691,0.00137074,32.1411972
692,0.001370607,32.14608231
693,0.001370583,32.14768219
694,0.001370314,32.14075813
695,0.001370316,32.14411392
696,0.001370116,32.14637108
697,0.001370017,32.14395447
698,0.001369934,32.14371986
699,0.001369702,32.14658203
700,0.001369488,32.14768372
701,0.001369525,32.14338951
702,0.001369382,32.14898949
703,0.001369244,32.14226608
704,0.001369116,32.14252625
705,0.00136893,32.15490952
706,0.001368875,32.15194702
707,0.00136872,32.15200386
708,0.00136857,32.14490433
709,0.001368517,32.15410194
710,0.001368298,32.15598602
711,0.001368172,32.15132866
712,0.001368113,32.15924492
713,0.001368033,32.1584362
714,0.001367927,32.15664063
715,0.001367732,32.15586624
716,0.001367549,32.1603653
717,0.001367482,32.15173988
718,0.001367443,32.16098328
719,0.00136732,32.15802689
720,0.001367102,32.15755119
721,0.001367068,32.15994987
722,0.001366956,32.15919952
723,0.001366868,32.1614296
724,0.0013668,32.15899277
725,0.001366641,32.16260223
726,0.001366551,32.15929146
727,0.001366448,32.16349297
728,0.001366219,32.15874367
729,0.001366214,32.15920334
730,0.001366116,32.17096176
731,0.001366041,32.16351051
732,0.001365864,32.1651886
733,0.001365743,32.1660099
734,0.001365671,32.16502037
735,0.001365555,32.16675568
736,0.001365476,32.16611443
737,0.001365334,32.16382294
738,0.001365172,32.16622314
739,0.001365063,32.17708321
740,0.001365072,32.16747322
741,0.001364978,32.17017632
742,0.001364731,32.1717144
743,0.001364728,32.16888084
744,0.001364612,32.16865768
745,0.00136448,32.17458344
746,0.001364466,32.17528038
747,0.001364309,32.17581825
748,0.001364223,32.17129784
749,0.001364079,32.1729187
750,0.001364086,32.17398682
751,0.001363732,32.17603264
752,0.001363792,32.17276344
753,0.001363619,32.17134552
754,0.001363631,32.16923103
755,0.001363579,32.17636185
756,0.001363397,32.17333984
757,0.00136332,32.17871132
758,0.001363226,32.18011742
759,0.001363203,32.1819355
760,0.001363064,32.1787075
761,0.001363,32.17654991
762,0.001362847,32.17939301
763,0.00136279,32.18126678
764,0.001362729,32.18100929
765,0.001362646,32.18131104
766,0.001362524,32.17961235
767,0.001362349,32.18352432
768,0.00136225,32.182481
769,0.001362261,32.18033218
770,0.001362131,32.18519859
771,0.001362045,32.18252869
772,0.001361833,32.1790123
773,0.001361829,32.18644218
774,0.00136169,32.1806469
775,0.001361616,32.1811615
776,0.001361544,32.18830757
777,0.001361424,32.1862011
778,0.001361435,32.18695183
779,0.001361238,32.18828583
780,0.001361165,32.18674316
781,0.001361141,32.19130554
782,0.001361077,32.18091621
783,0.001360963,32.18350563
784,0.001360878,32.18730621
785,0.001360748,32.19129333
786,0.001360668,32.18520393
787,0.001360539,32.19235725
788,0.001360495,32.18959084
789,0.001360434,32.191745
790,0.001360355,32.19188156
791,0.001360243,32.19758797
792,0.001360137,32.19367561
793,0.001360127,32.19237671
794,0.001360003,32.19127274
795,0.001359883,32.18846169
796,0.001359823,32.1928688
797,0.001359718,32.19448051
798,0.001359633,32.19911308
799,0.001359593,32.19041214
800,0.001359424,32.19674797
801,0.001359358,32.20209885
802,0.001359304,32.18891563
803,0.001359206,32.19277382
804,0.001359199,32.19614258
805,0.001359102,32.19867477
806,0.001358985,32.19966698
807,0.001358861,32.2015213
808,0.001358662,32.19711647
809,0.001358718,32.20340614
810,0.001358525,32.19821358
811,0.001358464,32.19993896
812,0.001358388,32.20584106
813,0.001358297,32.19760284
814,0.0013583,32.20387993
815,0.001358035,32.20032501
816,0.00135798,32.19350929
817,0.001358052,32.20324326
818,0.001357831,32.20536194
819,0.001357851,32.20326767
820,0.001357692,32.20594368
821,0.001357625,32.20326538
822,0.001357493,32.20479622
823,0.001357466,32.2057457
824,0.001357411,32.19894524
825,0.001357267,32.20424232
826,0.001357065,32.20479546
827,0.001357133,32.20534554
828,0.00135701,32.20612144
829,0.001356846,32.20540085
830,0.001356803,32.20865135
831,0.001356773,32.20548439
832,0.00135666,32.20835457
833,0.001356543,32.21122208
834,0.001356396,32.20549507
835,0.001356386,32.20713882
836,0.001356237,32.21308441
837,0.001356253,32.21215782
838,0.001356187,32.20961838
839,0.001356094,32.21314011
840,0.001356051,32.21124115
841,0.001355944,32.21503067
842,0.001355819,32.20922737
843,0.001355664,32.21395874
844,0.001355626,32.21353149
845,0.001355562,32.21624947
846,0.001355531,32.21318207
847,0.001355466,32.21110268
848,0.001355356,32.21671448
849,0.001355331,32.21496429
850,0.001355184,32.21772995
851,0.001355107,32.2136879
852,0.001354927,32.21846161
853,0.001354884,32.21705475
854,0.001354832,32.21599731
855,0.001354727,32.21611786
856,0.001354581,32.21937408
857,0.001354615,32.21827812
858,0.001354512,32.2230587
859,0.00135445,32.22024956
860,0.00135438,32.22444839
861,0.001354238,32.21822052
862,0.001354201,32.22176552
863,0.001354045,32.22195206
864,0.001354014,32.21605072
865,0.00135398,32.22447739
866,0.001353939,32.22313576
867,0.001353825,32.22345772
868,0.001353775,32.21747169
869,0.001353694,32.2239933
870,0.00135363,32.22466469
871,0.001353422,32.2247715
872,0.001353343,32.22924004
873,0.001353328,32.2287178
874,0.001353169,32.22456245
875,0.001353135,32.22828636
876,0.001353107,32.2246151
877,0.001353038,32.23045502
878,0.001352949,32.2305706
879,0.001352894,32.22509918
880,0.001352736,32.23206787
881,0.001352732,32.23080673
882,0.001352581,32.23049316
883,0.001352503,32.22479019
884,0.001352507,32.22783432
885,0.001352333,32.22783012
886,0.001352404,32.23117867
887,0.001352181,32.23401299
888,0.001352199,32.2295948
889,0.001352069,32.23242416
890,0.001352033,32.2363102
891,0.001351971,32.23471489
892,0.001351874,32.23169289
893,0.001351839,32.2348793
894,0.001351721,32.2365448
895,0.001351623,32.23490334
896,0.001351663,32.23535423
897,0.001351508,32.23094673
898,0.001351425,32.2361721
899,0.001351374,32.23599777
900,0.001351298,32.23978424
901,0.001351197,32.24225159
902,0.001351206,32.23771095
903,0.001351084,32.23490028
904,0.001351082,32.2400856
905,0.001350985,32.24500542
906,0.001350882,32.23875961
907,0.001350835,32.24059563
908,0.001350691,32.24244995
909,0.00135072,32.23801651
910,0.001350602,32.24279633
911,0.001350572,32.23630524
912,0.001350419,32.23772278
913,0.001350361,32.23816185
914,0.00135037,32.24223213
915,0.001350216,32.24204178
916,0.001350209,32.24758339
917,0.001350122,32.24264412
918,0.001350078,32.24353333
919,0.001349955,32.24072227
920,0.001349865,32.23894806
921,0.001349862,32.24738159
922,0.00134979,32.2470787
923,0.001349659,32.24458656
924,0.001349562,32.2461319
925,0.001349592,32.24627457
926,0.001349551,32.24237556
927,0.001349435,32.24655876
928,0.001349319,32.25023537
929,0.001349334,32.24433746
930,0.001349101,32.24738159
931,0.001349102,32.24788666
932,0.001349138,32.2486599
933,0.001349091,32.2545002
934,0.001348989,32.2491848
935,0.001348801,32.24884796
936,0.001348868,32.25729218
937,0.001348633,32.25233536
938,0.001348772,32.24874573
939,0.001348619,32.25364456
940,0.001348611,32.25381279
941,0.001348495,32.25212822
942,0.001348415,32.25516281
943,0.001348402,32.24931259
944,0.00134834,32.25546227
945,0.001348252,32.25439873
946,0.001348166,32.2571888
947,0.001348154,32.25058441
948,0.001348029,32.25678825
949,0.001348036,32.25211449
950,0.001347822,32.25218658
951,0.001347848,32.25510597
952,0.001347821,32.2621357
953,0.001347678,32.25410004
954,0.00134768,32.26106033
955,0.001347604,32.26018143
956,0.001347646,32.26062584
957,0.001347523,32.26226578
958,0.001347421,32.25845566
959,0.001347385,32.26171722
960,0.001347268,32.25818367
961,0.001347241,32.26187439
962,0.00134715,32.25864754
963,0.001347103,32.25664711
964,0.001347037,32.26045609
965,0.001347041,32.26693192
966,0.001347,32.26679688
967,0.001346817,32.26417923
968,0.001346837,32.25960312
969,0.001346567,32.26229286
970,0.001346769,32.26361694
971,0.001346694,32.26473122
972,0.001346541,32.26472588
973,0.001346513,32.26107445
974,0.001346506,32.26546326
975,0.001346382,32.25518951
976,0.001346411,32.26315536
977,0.001346288,32.26260071
978,0.001346273,32.26319199
979,0.001346183,32.26375389
980,0.001346101,32.26679535
981,0.001346068,32.26672783
982,0.001345964,32.26691704
983,0.001345978,32.26175652
984,0.001345885,32.27112007
985,0.001345913,32.26536217
986,0.001345812,32.26795959
987,0.001345704,32.26324158
988,0.001345632,32.26325874
989,0.001345679,32.26589317
990,0.001345579,32.26911621
991,0.001345508,32.26967964
992,0.001345411,32.27362785
993,0.00134539,32.27185631
994,0.001345361,32.27176666
995,0.001345209,32.27317162
996,0.001345268,32.26624641
997,0.001345081,32.26523285
998,0.001345137,32.27124748
999,0.001344969,32.27241173
1000,0.001345016,32.27336807
1001,0.001344966,32.26768913
1002,0.001344882,32.26982765
1003,0.001344862,32.27505684
1004,0.001344714,32.26757698
1005,0.001344711,32.26976395
1006,0.001344605,32.27155113
1007,0.001344595,32.27693138
1008,0.001344494,32.26930084
1009,0.001344542,32.27224007
1010,0.001344425,32.27503166
1011,0.001344418,32.27309761
1012,0.001344347,32.27404137
1013,0.001344333,32.27076187
1014,0.001344257,32.27518425
1015,0.001344088,32.26574173
1016,0.001344099,32.27353592
1017,0.001344081,32.27609711
1018,0.001344002,32.27676811
1019,0.001344009,32.27200508
1020,0.001343911,32.27222443
1021,0.001343888,32.27492104
1022,0.001343792,32.27765579
1023,0.001343749,32.27716827
1024,0.001343726,32.27768555
1025,0.001343629,32.28294106
1026,0.001343512,32.27853889
1027,0.001343614,32.28027573
1028,0.001343414,32.27524719
1029,0.001343495,32.27818184
1030,0.001343335,32.27614403
1031,0.001343259,32.26834793
1032,0.001343298,32.27666206
1033,0.001343225,32.28099861
1034,0.001343106,32.2801403
1035,0.001343123,32.27827072
1036,0.001343077,32.27094116
1037,0.001343004,32.28372955
1038,0.001342909,32.27840996
1039,0.001342909,32.2832428
1040,0.001342851,32.28693428
1041,0.001342832,32.28434525
1042,0.001342712,32.28260384
1043,0.001342719,32.27956848
1044,0.001342705,32.28584671
1045,0.001342582,32.29010735
1046,0.001342547,32.28328819
1047,0.001342567,32.28728714
1048,0.001342462,32.28193626
1049,0.001342457,32.28599243
1050,0.0013424,32.28452644
1051,0.001342261,32.28698273
1052,0.001342302,32.28658104
1053,0.001342234,32.28754425
1054,0.001342164,32.28064003
1055,0.001342146,32.28202057
1056,0.00134205,32.28532486
1057,0.001341997,32.28455849
1058,0.001341954,32.28948822
1059,0.001341925,32.28739204
1060,0.001341897,32.28930435
1061,0.001341836,32.28991203
1062,0.001341766,32.28673859
1063,0.001341731,32.28315659
1064,0.001341698,32.28173294
1065,0.001341631,32.28599548
1066,0.001341639,32.29145012
1067,0.001341584,32.28356552
1068,0.001341474,32.28933449
1069,0.001341327,32.28102455
1070,0.001341337,32.29016762
1071,0.001341314,32.29207497
1072,0.001341303,32.28809471
1073,0.001341295,32.29137955
1074,0.001341214,32.29388084
1075,0.00134113,32.28812561
1076,0.001341059,32.29044189
1077,0.001341068,32.29143829
1078,0.001341008,32.29296722
1079,0.001340908,32.2885334
1080,0.001340778,32.29579315
1081,0.00134092,32.29453583
1082,0.001340834,32.29695702
1083,0.001340806,32.29316788
1084,0.001340756,32.29832001
1085,0.001340692,32.29232521
1086,0.001340567,32.2927887
1087,0.001340617,32.2989418
1088,0.001340546,32.29349899
1089,0.001340466,32.29561157
1090,0.001340445,32.29270706
1091,0.001340328,32.29037285
1092,0.001340365,32.28675613
1093,0.001340279,32.29631119
1094,0.001340302,32.29723396
1095,0.001340227,32.29182549
1096,0.001340122,32.30207901
1097,0.001340078,32.29549141
1098,0.001340041,32.29549866
1099,0.001340061,32.30204506
1100,0.001339981,32.29224281
1101,0.001339942,32.29846115
1102,0.001339865,32.29779472
1103,0.001339849,32.29678345
1104,0.001339843,32.29873123
1105,0.001339813,32.30191345
1106,0.001339673,32.29377899
1107,0.001339693,32.29626999
1108,0.001339647,32.29355354
1109,0.001339574,32.30333405
1110,0.001339512,32.29822655
1111,0.001339461,32.29065781
1112,0.001339398,32.2997036
1113,0.001339348,32.29994316
1114,0.001339229,32.30011444
1115,0.001339361,32.29658699
1116,0.001339252,32.2969799
1117,0.001339193,32.30046501
1118,0.00133907,32.29644547
1119,0.001339132,32.29705696
1120,0.00133902,32.30557709
1121,0.001339056,32.30433388
1122,0.001339023,32.29545517
1123,0.001338816,32.29999962
1124,0.00133891,32.29980125
1125,0.001338897,32.3021286
1126,0.001338841,32.30481758
1127,0.001338777,32.30126762
1128,0.001338742,32.30308952
1129,0.001338703,32.30207405
1130,0.001338657,32.30079193
1131,0.001338538,32.30135651
1132,0.001338481,32.30111198
1133,0.001338462,32.29841728
1134,0.001338392,32.30206451
1135,0.001338267,32.30704575
1136,0.001338351,32.29805298
1137,0.001338336,32.30669022
1138,0.0013382,32.30068436
1139,0.001338203,32.30707626
1140,0.001338224,32.30459023
1141,0.001338166,32.30004692
1142,0.001338004,32.30340996
1143,0.001338047,32.30245781
1144,0.001337948,32.30430565
1145,0.001337897,32.29762878
1146,0.001337832,32.30086174
1147,0.001337735,32.31197128
1148,0.001337836,32.30875206
1149,0.001337786,32.30734749
1150,0.001337697,32.30901985
1151,0.001337678,32.30539169
1152,0.001337598,32.30234795
1153,0.001337568,32.30980644
1154,0.001337488,32.30647621
1155,0.001337484,32.30636978
1156,0.001337403,32.30643616
1157,0.001337395,32.30850754
1158,0.001337366,32.30855751
1159,0.001337311,32.30733147
1160,0.001337263,32.29986992
1161,0.001337242,32.30833588
1162,0.001337175,32.31423149
1163,0.001337138,32.30553017
1164,0.001337097,32.31244354
1165,0.001337017,32.31085892
1166,0.001336966,32.31225433
1167,0.001336792,32.3064064
1168,0.001336882,32.30559349
1169,0.001336806,32.31121254
1170,0.001336815,32.31351395
1171,0.001336818,32.3095726
1172,0.001336684,32.31460075
1173,0.001336705,32.31322746
1174,0.001336635,32.30816231
1175,0.001336608,32.31623878
1176,0.001336527,32.30872231
1177,0.001336525,32.31402283
1178,0.001336496,32.31160049
1179,0.001336427,32.31670036
1180,0.001336367,32.31245232
1181,0.001336289,32.30674362
1182,0.001336217,32.30409698
1183,0.001336297,32.31243286
1184,0.001336245,32.30289421
1185,0.001336167,32.30898895
1186,0.001336103,32.31779099
1187,0.001336052,32.31846313
1188,0.00133604,32.3130024
1189,0.001335998,32.30786819
1190,0.001335937,32.31741066
1191,0.001335897,32.31444397
1192,0.001335822,32.31395416
1193,0.001335816,32.31115417
1194,0.001335802,32.31706772
1195,0.001335734,32.31486931
1196,0.00133566,32.3215641
1197,0.001335695,32.31480331
1198,0.001335637,32.32112694
1199,0.001335586,32.31207771
1200,0.001335507,32.31317635
1201,0.001335487,32.31457329
1202,0.001335372,32.31408005
1203,0.001335294,32.30810547
1204,0.001335362,32.31848984
1205,0.001335369,32.31063614
1206,0.001335232,32.32018356
1207,0.001335204,32.31986313
1208,0.001335173,32.31722603
1209,0.001335097,32.31302719
1210,0.001335086,32.31369057
1211,0.001334982,32.32199707
1212,0.001335013,32.31808777
1213,0.00133498,32.31857681
1214,0.001334838,32.3212532
1215,0.001334863,32.31654625
1216,0.001334829,32.32025719
1217,0.001334766,32.31191254
1218,0.001334785,32.31830788
1219,0.001334693,32.31619987
1220,0.001334686,32.31762924
1221,0.001334599,32.31567421
1222,0.001334575,32.31963806
1223,0.001334593,32.31273155
1224,0.001334491,32.31647034
1225,0.001334468,32.32443161
1226,0.001334395,32.32240143
1227,0.001334407,32.32333221
1228,0.001334322,32.31254158
1229,0.001334248,32.32786446
1230,0.001334237,32.31998558
1231,0.001334204,32.32190742
1232,0.00133418,32.32459183
1233,0.001334159,32.32445374
1234,0.001334112,32.32035065
1235,0.001334006,32.32521133
1236,0.00133399,32.31746292
1237,0.001333984,32.3218399
1238,0.001333862,32.32485695
1239,0.001333732,32.32233734
1240,0.001333761,32.31861801
1241,0.001333851,32.32786674
1242,0.001333818,32.3208313
1243,0.001333705,32.32205048
1244,0.00133368,32.32384071
1245,0.001333747,32.32858505
1246,0.00133355,32.32480202
1247,0.001333551,32.32680588
1248,0.001333548,32.32110443
1249,0.001333374,32.32451401
1250,0.001333427,32.32766495
1251,0.001333278,32.32597237
1252,0.001333339,32.32120628
1253,0.001333318,32.32698975
1254,0.001333257,32.32658081
1255,0.001333252,32.32342644
1256,0.001333188,32.32671852
1257,0.001333215,32.32573776
1258,0.001333105,32.32434731
1259,0.001332872,32.33035851
1260,0.001333067,32.32297211
1261,0.001332933,32.32498589
1262,0.001332994,32.3299942
1263,0.001332856,32.33078461
1264,0.001332837,32.32681808
1265,0.001332861,32.32498703
1266,0.001332808,32.32216148
1267,0.001332813,32.32596245
1268,0.001332668,32.32279053
1269,0.001332727,32.32752724
1270,0.001332671,32.31638107
1271,0.001332606,32.32597618
1272,0.00133255,32.31989746
1273,0.001332495,32.33566933
1274,0.001332386,32.32554893
1275,0.001332445,32.32508659
1276,0.001332325,32.32170639
1277,0.001332442,32.32891197
1278,0.001332317,32.32563591
1279,0.001332258,32.33114204
1280,0.001332273,32.32507629
1281,0.001332219,32.32316017
1282,0.001332205,32.32083969
1283,0.001332101,32.33077202
1284,0.001332068,32.32764626
1285,0.001332143,32.32980194
1286,0.001332121,32.32967834
1287,0.001331922,32.33362923
1288,0.001331933,32.32497482
1289,0.001331943,32.32935638
1290,0.001331848,32.33206367
1291,0.001331777,32.33118362
1292,0.001331865,32.33213921
1293,0.00133181,32.33151894
1294,0.001331801,32.33511238
1295,0.001331688,32.33200035
1296,0.001331743,32.32771759
1297,0.001331677,32.33052444
1298,0.001331647,32.3344223
1299,0.00133156,32.3274353
1300,0.001331482,32.32984657
1301,0.001331503,32.33203621
1302,0.001331471,32.33018227
1303,0.001331498,32.33263817
1304,0.001331393,32.33099251
1305,0.001331359,32.3343998
1306,0.001331358,32.33081207
1307,0.001331309,32.331464
1308,0.001331255,32.33111763
1309,0.001331265,32.33026962
1310,0.001331177,32.33481827
1311,0.001331065,32.32452621
1312,0.0013311,32.3289669
1313,0.001331079,32.33913879
1314,0.001331009,32.33943405
1315,0.001331045,32.33088722
1316,0.001330936,32.33449249
1317,0.001330853,32.32875786
1318,0.001330813,32.34104729
1319,0.00133087,32.33436203
1320,0.001330725,32.33482552
1321,0.001330748,32.33571472
1322,0.001330823,32.33212814
1323,0.00133074,32.32998734
1324,0.001330681,32.33561516
1325,0.001330648,32.32880707
1326,0.001330528,32.33676147
1327,0.001330575,32.3380249
1328,0.001330561,32.33272438
1329,0.001330486,32.33636589
1330,0.001330475,32.33969193
1331,0.001330293,32.33562622
1332,0.001330425,32.33090057
1333,0.001330437,32.33973198
1334,0.001330245,32.33202934
1335,0.001330222,32.33675537
1336,0.001330296,32.34393501
1337,0.001330287,32.33905869
1338,0.001330206,32.33763504
1339,0.001330158,32.33862686
1340,0.001330119,32.34162254
1341,0.001330101,32.33680916
1342,0.001330114,32.33704643
1343,0.001330028,32.3314724
1344,0.001329932,32.33897972
1345,0.001329906,32.33725548
1346,0.001329973,32.33363113
1347,0.001329875,32.33420563
1348,0.001329789,32.33491287
1349,0.001329859,32.32740135
1350,0.001329757,32.33767738
1351,0.00132978,32.33534698
1352,0.001329751,32.34055443
1353,0.001329617,32.34241791
1354,0.00132961,32.33462639
1355,0.001329645,32.3351944
1356,0.001329541,32.34107323
1357,0.001329494,32.33790207
1358,0.001329546,32.34682846
1359,0.001329487,32.33304138
1360,0.001329472,32.34176521
1361,0.001329335,32.33312645
1362,0.001329332,32.34476738
1363,0.001329404,32.33982544
1364,0.001329373,32.34645844
1365,0.001329306,32.34228249
1366,0.001329221,32.33914032
1367,0.00132918,32.3379715
1368,0.001329221,32.33311234
1369,0.0013291,32.34128571
1370,0.001329058,32.33802376
1371,0.001329066,32.33671265
1372,0.001329045,32.32860374
1373,0.001329049,32.34164543
1374,0.001328975,32.34260101
1375,0.001328953,32.34352837
1376,0.001328912,32.33951035
1377,0.001328875,32.33456116
1378,0.001328787,32.34309731
1379,0.001328794,32.3420578
1380,0.001328764,32.3432991
1381,0.001328819,32.34504814
1382,0.001328664,32.34050484
1383,0.001328723,32.34063034
1384,0.001328697,32.33638077
1385,0.001328667,32.34148254
1386,0.001328492,32.33557281
1387,0.001328549,32.34003983
1388,0.001328463,32.33733253
1389,0.001328516,32.33964424
1390,0.001328236,32.33978844
1391,0.001328379,32.34580231
1392,0.001328428,32.33930893
1393,0.001328368,32.34116135
1394,0.001328302,32.3410141
1395,0.001328283,32.34354935
1396,0.001328216,32.33915558
1397,0.001328215,32.33894615
1398,0.001328108,32.3469471
1399,0.001328022,32.3451046
1400,0.001328066,32.33927155
1401,0.001328072,32.34377861
1402,0.001328065,32.34229546
1403,0.001328019,32.34178123
1404,0.001327967,32.34546928
1405,0.00132802,32.34357643
1406,0.001327934,32.34007034
1407,0.001327767,32.34204063
1408,0.001327885,32.34880524
1409,0.001327912,32.34364967
1410,0.00132777,32.34092369
1411,0.00132784,32.33764038
1412,0.001327667,32.34613152
1413,0.001327696,32.3423378
1414,0.001327677,32.34448051
1415,0.001327561,32.33632164
1416,0.001327584,32.34632835
1417,0.001327481,32.34435654
1418,0.001327572,32.34972725
1419,0.001327601,32.34270821
1420,0.001327497,32.34766846
1421,0.001327459,32.34570313
1422,0.001327406,32.34486885
1423,0.001327403,32.34312286
1424,0.001327375,32.3436573
1425,0.001327323,32.34652252
1426,0.001327334,32.34521255
1427,0.00132726,32.34818878
1428,0.001327215,32.34475517
1429,0.001327195,32.35235519
1430,0.001327139,32.34624519
1431,0.001327138,32.34820633
1432,0.001327022,32.34313583
1433,0.001327051,32.34399261
1434,0.001327046,32.34309349
1435,0.001327042,32.34194946
1436,0.001327023,32.34319
1437,0.001326925,32.34829826
1438,0.001326846,32.34595566
1439,0.001326874,32.34258957
1440,0.001326797,32.35224266
1441,0.001326867,32.34811592
1442,0.00132676,32.35017166
1443,0.00132669,32.348806
1444,0.00132674,32.34399986
1445,0.001326705,32.34298973
1446,0.001326628,32.35046349
1447,0.001326587,32.3424118
1448,0.001326582,32.34193192
1449,0.001326572,32.34087448
1450,0.001326406,32.34924355
1451,0.001326409,32.34543877
1452,0.001326461,32.35070343
1453,0.001326441,32.35125923
1454,0.00132641,32.34672089
1455,0.001326393,32.34866829
1456,0.001326359,32.34536362
1457,0.001326191,32.34693146
1458,0.001326318,32.3516819
1459,0.001326236,32.34895058
1460,0.001326266,32.3412674
1461,0.001326241,32.34671783
1462,0.001326168,32.34681396
1463,0.001326133,32.35059891
1464,0.001326054,32.34754028
1465,0.001326063,32.34923782
1466,0.001326048,32.34859924
1467,0.001325953,32.34544487
1468,0.001326002,32.34887314
1469,0.001325933,32.34743919
1470,0.001325914,32.35755424
1471,0.001325921,32.3519352
1472,0.001325696,32.35752716
1473,0.001325887,32.34692116
1474,0.001325779,32.34774246
1475,0.001325821,32.35598183
1476,0.001325676,32.35008202
1477,0.001325729,32.34966927
1478,0.0013257,32.35510674
1479,0.001325707,32.34641495
1480,0.001325617,32.35279312
1481,0.001325587,32.34247398
1482,0.001325445,32.34177475
1483,0.001325544,32.34962234
1484,0.001325457,32.35051956
1485,0.00132544,32.34774132
1486,0.001325425,32.35033569
1487,0.001325431,32.35435677
1488,0.001325438,32.34922218
1489,0.001325367,32.35582733
1490,0.001325286,32.35331383
1491,0.001325341,32.34870949
1492,0.001325182,32.35552101
1493,0.001325283,32.35294533
1494,0.00132528,32.34667206
1495,0.00132522,32.35264168
1496,0.001325128,32.35354805
1497,0.001325109,32.34729156
1498,0.001325138,32.35908852
1499,0.001325047,32.35471153
1500,0.001324995,32.35150528
1501,0.001325053,32.34895973
1502,0.001324841,32.34110947
1503,0.001324995,32.35125198
1504,0.001324898,32.36186295
1505,0.001324845,32.35403023
1506,0.001324828,32.35303535
1507,0.001324868,32.35425835
1508,0.001324784,32.35365028
1509,0.001324768,32.34485703
1510,0.001324785,32.35565987
1511,0.001324691,32.35258789
1512,0.00132474,32.36028442
1513,0.001324661,32.35450706
1514,0.001324578,32.35703201
1515,0.001324633,32.36112289
1516,0.001324587,32.35602989
1517,0.001324572,32.35914421
1518,0.001324474,32.36471519
1519,0.001324528,32.35926285
1520,0.00132445,32.3540947
1521,0.001324446,32.35674362
1522,0.00132446,32.3551075
1523,0.001324335,32.35789528
1524,0.001324389,32.36428413
1525,0.001324249,32.35595818
1526,0.001324362,32.34998207
1527,0.00132435,32.35697861
1528,0.001324226,32.35532036
1529,0.001324227,32.35629692
1530,0.00132417,32.35830154
1531,0.001324193,32.35550232
1532,0.001324075,32.35681686
1533,0.001324105,32.35798302
1534,0.001324118,32.35603104
1535,0.001324085,32.35985718
1536,0.001323981,32.35884552
1537,0.001323942,32.35776596
1538,0.001323939,32.3500885
1539,0.00132394,32.35778046
1540,0.001323909,32.34962425
1541,0.001323909,32.35489426
1542,0.001323792,32.35346107
1543,0.001323873,32.35655785
1544,0.001323737,32.35528412
1545,0.00132373,32.35415878
1546,0.001323776,32.34927559
1547,0.001323694,32.35018616
1548,0.001323557,32.36050072
1549,0.001323686,32.3635334
1550,0.00132357,32.35966949
1551,0.00132362,32.35578308
1552,0.001323634,32.35904388
1553,0.001323574,32.35605011
1554,0.001323501,32.36268845
1555,0.001323518,32.35832481
1556,0.001323364,32.35861778
1557,0.001323467,32.35801697
1558,0.001323397,32.35517235
1559,0.001323363,32.35641975
1560,0.001323263,32.36118736
1561,0.001323368,32.35557823
1562,0.001323334,32.35482979
1563,0.001323318,32.35716438
1564,0.001323125,32.35467758
1565,0.001323228,32.35345039
1566,0.001323235,32.35259438
1567,0.001323261,32.35847778
1568,0.001323145,32.35858154
1569,0.001323076,32.36128426
1570,0.00132304,32.35571938
1571,0.001323043,32.36319351
1572,0.001323045,32.36258469
1573,0.00132308,32.35995789
1574,0.001323069,32.35095673
1575,0.001322968,32.36251793
1576,0.001322864,32.35746613
1577,0.001322895,32.35916977
1578,0.001322913,32.35905266
1579,0.00132288,32.3623642
1580,0.001322934,32.3561039
1581,0.001322797,32.36328545
1582,0.001322567,32.35941086
1583,0.001322842,32.35935097
1584,0.001322742,32.3608223
1585,0.001322787,32.36391525
1586,0.001322721,32.36130409
1587,0.001322759,32.35771446
1588,0.001322677,32.36219101
1589,0.001322723,32.36504288
1590,0.001322617,32.36707535
1591,0.00132246,32.36347618
1592,0.001322578,32.35982895
1593,0.001322537,32.36100998
1594,0.00132247,32.36500397
1595,0.001322478,32.36323586
1596,0.001322391,32.36496277
1597,0.001322471,32.36640739
1598,0.001322481,32.36441689
1599,0.001322444,32.36296158
1600,0.001322366,32.35635567
1601,0.001322314,32.35961266
1602,0.001322355,32.3630661
1603,0.001322298,32.36271629
1604,0.001322274,32.36789665
1605,0.001322195,32.35853691
1606,0.001322216,32.36182976
1607,0.001322211,32.35220222
1608,0.001322266,32.36685829
1609,0.001322098,32.36071472
1610,0.001322137,32.3619297
1611,0.001322131,32.36442299
1612,0.001322032,32.36648788
1613,0.001322095,32.362323
1614,0.001322113,32.36359749
1615,0.00132194,32.36264877
1616,0.001322019,32.37172203
1617,0.001321931,32.36143379
1618,0.001322014,32.35666542
1619,0.001321921,32.35859375
1620,0.001321874,32.36715012
1621,0.00132189,32.36713676
1622,0.001321895,32.36982193
1623,0.001321802,32.35886688
1624,0.00132172,32.36181374
1625,0.001321764,32.36439934
1626,0.001321777,32.36005974
1627,0.001321633,32.36460762
1628,0.001321731,32.36530876
1629,0.001321707,32.35965767
1630,0.001321591,32.35643845
1631,0.001321592,32.36223984
1632,0.001321565,32.36338539
1633,0.001321609,32.36509056
1634,0.001321561,32.36867447
1635,0.001321558,32.36564026
1636,0.001321594,32.36333122
1637,0.001321612,32.36338844
1638,0.001321461,32.35768204
1639,0.001321383,32.36649323
1640,0.001321424,32.36464348
1641,0.001321462,32.35979652
1642,0.001321426,32.36675491
1643,0.001321337,32.36748238
1644,0.001321383,32.37147484
1645,0.001321341,32.35546494
1646,0.001321333,32.36570892
1647,0.001321323,32.36310234
1648,0.001321348,32.35719757
1649,0.001321288,32.36445007
1650,0.001321137,32.36667786
1651,0.001321233,32.36302795
1652,0.0013212,32.35973892
1653,0.001321188,32.36315765
1654,0.001321012,32.3688324
1655,0.001321074,32.36485863
1656,0.001321031,32.36264
1657,0.001320907,32.36668663
1658,0.001321087,32.36624985
1659,0.001321024,32.36883812
1660,0.001320991,32.36712112
1661,0.001320997,32.37113075
1662,0.001320988,32.36587029
1663,0.001320979,32.36477356
1664,0.001320894,32.36072464
1665,0.001320868,32.36847382
1666,0.001320877,32.3688427
1667,0.001320812,32.35668716
1668,0.001320835,32.37008209
1669,0.00132069,32.3643013
1670,0.00132084,32.36900558
1671,0.001320819,32.36868896
1672,0.001320741,32.36524124
1673,0.001320724,32.36355324
1674,0.001320701,32.36700897
1675,0.001320633,32.36465683
1676,0.001320665,32.35908699
1677,0.001320543,32.36475143
1678,0.001320626,32.37291107
1679,0.001320564,32.3638298
1680,0.001320572,32.36822968
1681,0.001320644,32.37025566
1682,0.001320617,32.36876221
1683,0.001320508,32.36590042
1684,0.001320556,32.36776505
1685,0.001320394,32.37192917
1686,0.001320526,32.36685295
1687,0.001320503,32.36356697
1688,0.001320419,32.3657711
1689,0.001320479,32.37084579
1690,0.001320438,32.36496658
1691,0.001320402,32.36608849
1692,0.001320359,32.36640167
1693,0.00132033,32.36368217
1694,0.001320259,32.36445732
1695,0.001320251,32.3720417
1696,0.001320212,32.37007294
1697,0.001320288,32.37104568
1698,0.001320208,32.36730423
1699,0.001320244,32.36404343
1700,0.001320172,32.36071739
1701,0.001320155,32.3609375
1702,0.001320137,32.36476212
1703,0.001320085,32.37006912
1704,0.00132016,32.37049484
1705,0.001320111,32.36416779
1706,0.001320022,32.3662117
1707,0.001319968,32.36794739
1708,0.001320018,32.36553726
1709,0.001319913,32.37313843
1710,0.001320073,32.36836472
1711,0.001319913,32.36818542
1712,0.00131999,32.36965485
1713,0.001319892,32.36797485
1714,0.001319927,32.36117783
1715,0.00131986,32.3749939
1716,0.001319862,32.37748871
1717,0.001319916,32.38054085
1718,0.001319839,32.37476692
1719,0.001319788,32.37234344
1720,0.001319711,32.36874962
1721,0.001319748,32.36824455
1722,0.00131982,32.36807709
1723,0.001319717,32.37087746
1724,0.001319798,32.36959076
1725,0.001319676,32.36186676
1726,0.001319652,32.37171211
1727,0.001319645,32.37362213
1728,0.001319721,32.37563286
1729,0.001319628,32.36738052
1730,0.001319703,32.37662773
1731,0.001319614,32.37434807
1732,0.001319505,32.37257004
1733,0.001319438,32.3746624
1734,0.001319525,32.37748947
1735,0.001319503,32.37904243
1736,0.00131948,32.37289848
1737,0.001319469,32.37013092
1738,0.001319489,32.37749939
1739,0.001319413,32.36720581
1740,0.001319476,32.37185249
1741,0.001319388,32.36646729
1742,0.00131931,32.3717247
1743,0.001319375,32.37883797
1744,0.001319416,32.37032394
1745,0.00131927,32.37087936
1746,0.001319264,32.37274971
1747,0.001319265,32.36722527
1748,0.001319245,32.37119026
1749,0.001319342,32.37275772
1750,0.001319255,32.37351112
1751,0.00131926,32.37097511
1752,0.001319207,32.36396942
1753,0.001319131,32.36241264
1754,0.001319136,32.36860733
1755,0.001319125,32.37169151
1756,0.00131908,32.36679955
1757,0.001319117,32.37668343
1758,0.001319058,32.37692223
1759,0.001319005,32.36851349
1760,0.001319042,32.36952324
1761,0.001318984,32.3767849
1762,0.001318943,32.37009125
1763,0.00131902,32.37793007
1764,0.001318853,32.36887474
1765,0.001318909,32.3719574
1766,0.001318972,32.3700737
1767,0.001318961,32.37242203
1768,0.001318888,32.37789116
1769,0.001318889,32.36950035
1770,0.001318749,32.37459221
1771,0.001318833,32.37566071
1772,0.00131887,32.377742
1773,0.001318864,32.37135391
1774,0.001318768,32.37811394
1775,0.00131869,32.376511
1776,0.001318764,32.3680294
1777,0.001318646,32.37303314
1778,0.001318664,32.37785721
1779,0.001318631,32.37537651
1780,0.001318733,32.37278366
1781,0.001318664,32.37134056
1782,0.001318659,32.37555351
1783,0.001318612,32.37095032
1784,0.001318669,32.36812286
1785,0.001318635,32.37615433
1786,0.00131856,32.36892776
1787,0.001318595,32.36804504
1788,0.001318538,32.37250671
1789,0.001318495,32.37084923
1790,0.001318439,32.37797928
1791,0.001318519,32.37211609
1792,0.001318465,32.37666054
1793,0.001318449,32.37695389
1794,0.001318482,32.38164291
1795,0.001318395,32.37592201
1796,0.00131837,32.37339973
1797,0.001318374,32.37173576
1798,0.001318286,32.37555771
1799,0.001318284,32.37425652
1800,0.001318339,32.37714195
1801,0.001318295,32.37511864
1802,0.001318323,32.37585793
1803,0.001318339,32.3753212
1804,0.00131818,32.37249832
1805,0.001318255,32.38010063
1806,0.001318182,32.3761158
1807,0.001318249,32.37228966
1808,0.001318184,32.37391853
1809,0.001318176,32.37653465
1810,0.001318191,32.37245445
1811,0.001318128,32.37625351
1812,0.001318125,32.37891235
1813,0.001318081,32.36793709
1814,0.001318051,32.37523079
1815,0.001317993,32.38147888
1816,0.001318055,32.36518097
1817,0.001317958,32.37035103
1818,0.001318059,32.37649574
1819,0.001317863,32.36972313
1820,0.001317953,32.37694359
1821,0.001317877,32.37795372
1822,0.001317919,32.37652512
1823,0.001317842,32.37496223
1824,0.001317856,32.3753067
1825,0.001317902,32.37742767
1826,0.001317935,32.37760468
1827,0.001317806,32.37628403
1828,0.001317871,32.37076416
1829,0.001317715,32.3725296
1830,0.001317849,32.3754921
1831,0.001317798,32.37489166
1832,0.001317816,32.3746212
1833,0.001317731,32.3737896
1834,0.001317755,32.37730141
1835,0.001317692,32.37903709
1836,0.001317666,32.37061272
1837,0.001317667,32.37398491
1838,0.001317607,32.37531281
1839,0.001317512,32.37492867
1840,0.001317637,32.3757843
1841,0.001317643,32.3741127
1842,0.001317581,32.3765934
1843,0.001317648,32.37125854
1844,0.001317553,32.37118797
1845,0.001317423,32.38077011
1846,0.00131759,32.37501564
1847,0.001317489,32.37303467
1848,0.00131756,32.38262138
1849,0.001317438,32.38055916
1850,0.00131744,32.37512589
1851,0.001317484,32.3721344
1852,0.00131739,32.37216797
1853,0.001317342,32.38376236
1854,0.001317382,32.37195969
1855,0.001317373,32.36783333
1856,0.001317387,32.38011894
1857,0.001317307,32.38130646
1858,0.001317303,32.38002167
1859,0.001317339,32.38122406
1860,0.001317245,32.37542877
1861,0.001317283,32.38444748
1862,0.0013173,32.37591553
1863,0.001317289,32.37547455
1864,0.001317259,32.37860298
1865,0.001317226,32.38039207
1866,0.001317205,32.37512436
1867,0.001317186,32.38137169
1868,0.001316993,32.37725487
1869,0.00131715,32.37537766
1870,0.001317093,32.37653847
1871,0.001317103,32.37099838
1872,0.001317117,32.38037376
1873,0.001317015,32.3773262
1874,0.00131714,32.37333603
1875,0.001317064,32.38237495
1876,0.001317029,32.37691002
1877,0.001317031,32.36903229
1878,0.001316969,32.38292274
1879,0.00131696,32.37369232
1880,0.001316923,32.37593269
1881,0.001317009,32.37962723
1882,0.001316969,32.3820118
1883,0.00131693,32.38092613
1884,0.001316897,32.37886391
1885,0.001316936,32.37802162
1886,0.001316807,32.38815308
1887,0.00131681,32.37114868
1888,0.001316883,32.37744102
1889,0.001316871,32.3745327
1890,0.001316779,32.36744347
1891,0.001316764,32.37842827
1892,0.001316765,32.38330231
1893,0.0013168,32.38039513
1894,0.001316707,32.38427658
1895,0.001316774,32.37781944
1896,0.001316719,32.38098488
1897,0.00131668,32.38225441
1898,0.001316535,32.38139572
1899,0.001316709,32.37772827
1900,0.001316561,32.37525826
1901,0.001316672,32.38179016
1902,0.001316599,32.38289452
1903,0.001316569,32.37964363
1904,0.001316597,32.37634506
1905,0.001316493,32.38382683
1906,0.001316472,32.37660484
1907,0.001316482,32.38177986
1908,0.001316442,32.37633896
1909,0.001316542,32.38346405
1910,0.001316398,32.38069496
1911,0.001316473,32.38459358
1912,0.001316505,32.38188667
1913,0.001316453,32.38927307
1914,0.001316377,32.3842514
1915,0.00131641,32.38282318
1916,0.00131644,32.3811821
1917,0.001316421,32.37547188
1918,0.001316393,32.38392181
1919,0.001316291,32.38610764
1920,0.001316355,32.38338394
1921,0.001316303,32.3873291
1922,0.001316308,32.37810364
1923,0.0013163,32.37465973
1924,0.001316278,32.38037453
1925,0.00131625,32.38512878
1926,0.001316213,32.38518028
1927,0.001316245,32.38636818
1928,0.001316248,32.37984467
1929,0.001316189,32.37984734
1930,0.001316103,32.3773941
1931,0.001316162,32.38522949
1932,0.001316186,32.38627281
1933,0.001316101,32.38344688
1934,0.001316102,32.38176537
1935,0.001316107,32.38950157
1936,0.001316068,32.38041878
1937,0.001316013,32.38415909
1938,0.001316049,32.37811394
1939,0.001315956,32.37495079
1940,0.001316083,32.37710915
1941,0.001315917,32.38144264
1942,0.001315931,32.37837372
1943,0.001316001,32.38693848
1944,0.001315967,32.37946815
1945,0.001316022,32.37769279
1946,0.001315925,32.38353691
1947,0.001315877,32.38126526
1948,0.00131587,32.38376312
1949,0.001315886,32.38336716
1950,0.00131584,32.38190308
1951,0.001315814,32.38458595
1952,0.001315765,32.38485489
1953,0.001315813,32.38619766
1954,0.001315758,32.37282104
1955,0.001315746,32.37464752
1956,0.001315683,32.38190117
1957,0.001315742,32.38210678
1958,0.00131576,32.37445717
1959,0.001315779,32.38846703
1960,0.001315707,32.38459854
1961,0.001315698,32.38996429
1962,0.001315634,32.38712349
1963,0.001315723,32.38336945
1964,0.001315713,32.38753815
1965,0.001315671,32.37838364
1966,0.001315635,32.38326683
1967,0.001315532,32.3820118
1968,0.001315654,32.37908897
1969,0.001315639,32.37774315
1970,0.001315552,32.39228401
1971,0.00131557,32.38021965
1972,0.001315549,32.38575745
1973,0.001315508,32.38546295
1974,0.001315435,32.38250885
1975,0.001315504,32.38267326
1976,0.001315467,32.37092323
1977,0.001315425,32.38599892
1978,0.001315389,32.3812542
1979,0.001315396,32.37690125
1980,0.001315433,32.38189163
1981,0.001315401,32.38631859
1982,0.001315364,32.38260727
1983,0.001315295,32.3760025
1984,0.001315337,32.38861732
1985,0.00131539,32.38479424
1986,0.001315345,32.38294258
1987,0.001315244,32.38276482
1988,0.001315319,32.37271194
1989,0.001315287,32.38394356
1990,0.001315242,32.38135834
1991,0.001315202,32.37624588
1992,0.001315199,32.38319817
1993,0.00131521,32.39042664
1994,0.001315131,32.39129066
1995,0.001315202,32.39417648
1996,0.001315177,32.3887619
1997,0.001315201,32.38470421
1998,0.001315139,32.37883301
1999,0.001315148,32.38300514
2000,0.001315154,32.38807259
2001,0.001315099,32.37460136
2002,0.001315091,32.38473015
2003,0.001315054,32.38189774
2004,0.00131509,32.38143959
2005,0.001315091,32.38329086
2006,0.001315036,32.38744736
2007,0.001315001,32.38434181
2008,0.00131503,32.38992424
2009,0.001314964,32.39014473
2010,0.001314994,32.38231087
2011,0.00131484,32.38733864
2012,0.001314929,32.38948593
2013,0.001314987,32.3874733
2014,0.00131484,32.3815094
2015,0.001314867,32.38333359
2016,0.001314914,32.38735237
2017,0.001314911,32.38305969
2018,0.001314825,32.38767052
2019,0.001314864,32.38824158
2020,0.001314694,32.38154221
2021,0.001314816,32.38126106
2022,0.001314819,32.3807106
2023,0.001314791,32.38287773
2024,0.001314741,32.38935623
2025,0.001314838,32.3826458
2026,0.001314735,32.39086571
2027,0.001314768,32.38185577
2028,0.001314746,32.39377327
2029,0.001314695,32.38430061
2030,0.001314634,32.38371964
2031,0.001314631,32.38686943
2032,0.001314699,32.38367043
2033,0.001314678,32.38899231
2034,0.001314626,32.39093056
2035,0.001314648,32.39042511
2036,0.00131455,32.38661499
2037,0.001314574,32.38792
2038,0.001314484,32.3847908
2039,0.001314538,32.38542213
2040,0.001314578,32.38331871
2041,0.001314595,32.38997917
2042,0.001314455,32.38769302
2043,0.001314582,32.38589211
2044,0.001314512,32.38510132
2045,0.001314411,32.38579712
2046,0.001314408,32.38536949
2047,0.001314472,32.38521614
2048,0.001314413,32.37881775
2049,0.001314485,32.38698349
2050,0.001314398,32.38588791
2051,0.001314403,32.39422531
2052,0.001314322,32.38235664
2053,0.001314391,32.38422775
2054,0.001314319,32.37872581
2055,0.001314353,32.38743553
2056,0.001314338,32.3923008
2057,0.001314344,32.39019165
2058,0.001314266,32.39375572
2059,0.001314158,32.38590698
2060,0.001314264,32.38911209
2061,0.001314225,32.38333931
2062,0.0013142,32.38576889
2063,0.001314187,32.38536606
2064,0.001314124,32.38089256
2065,0.001314166,32.38633347
2066,0.00131422,32.39395447
2067,0.001314178,32.38764267
2068,0.001314109,32.38794899
2069,0.001314081,32.39310722
2070,0.001314147,32.38262138
2071,0.001314079,32.39064064
2072,0.001314088,32.38828239
2073,0.001314084,32.38755226
2074,0.001314074,32.38521347
2075,0.001314032,32.38729477
2076,0.001314008,32.38764267
2077,0.001314125,32.3904541
2078,0.001314028,32.37553101
2079,0.001313969,32.39233208
2080,0.00131396,32.38741302
2081,0.001313908,32.38701553
2082,0.001313849,32.38515778
2083,0.001313985,32.39031143
2084,0.001313957,32.3789566
2085,0.001313916,32.38447685
2086,0.001313844,32.38718681
2087,0.001313912,32.38745766
2088,0.001313779,32.39115257
2089,0.001313909,32.38603477
2090,0.001313852,32.38648682
2091,0.001313829,32.38233032
2092,0.001313777,32.39060402
2093,0.001313752,32.38875084
2094,0.001313765,32.38760262
2095,0.001313768,32.38573685
2096,0.001313734,32.38901291
2097,0.001313764,32.39044762
2098,0.001313812,32.38778648
2099,0.001313671,32.38516579
2100,0.001313716,32.38038483
2101,0.001313564,32.38938522
2102,0.001313721,32.38319054
2103,0.001313609,32.38979111
2104,0.001313596,32.38954811
2105,0.001313632,32.38379898
2106,0.001313581,32.39051895
2107,0.001313659,32.39395103
2108,0.001313634,32.38799286
2109,0.001313611,32.38788452
2110,0.001313565,32.39339828
2111,0.001313603,32.38145981
2112,0.001313599,32.38943748
2113,0.001313556,32.38647194
2114,0.00131346,32.39578362
2115,0.001313479,32.38320656
2116,0.00131348,32.39296532
2117,0.001313447,32.392873
2118,0.001313396,32.38314705
2119,0.001313401,32.39208832
2120,0.001313454,32.3832901
2121,0.001313347,32.38195953
2122,0.001313378,32.38851624
2123,0.00131341,32.39247055
2124,0.001313394,32.38894196
2125,0.001313338,32.38924828
2126,0.001313411,32.37910728
2127,0.001313291,32.39766846
2128,0.001313275,32.38343925
2129,0.001313327,32.38774948
2130,0.001313292,32.39613457
2131,0.001313327,32.39623909
2132,0.001313256,32.3868145
2133,0.001313269,32.3880722
2134,0.00131319,32.38788719
2135,0.001313185,32.39207611
2136,0.001313195,32.3828228
2137,0.001313168,32.39437485
2138,0.001313132,32.38749237
2139,0.001313165,32.39084167
2140,0.00131315,32.39665565
2141,0.001313187,32.39829369
2142,0.001313146,32.39060135
2143,0.001313038,32.38391418
2144,0.001313181,32.38933296
2145,0.001313063,32.39345131
2146,0.001313068,32.38746223
2147,0.001313103,32.39741516
2148,0.001313049,32.3923317
2149,0.001313068,32.39617348
2150,0.001312934,32.3926487
2151,0.001313008,32.391745
2152,0.001313029,32.39689941
2153,0.00131298,32.38921585
2154,0.001312873,32.38789291
2155,0.001313013,32.39506149
2156,0.001312964,32.38839264
2157,0.001312961,32.38394012
2158,0.001312771,32.39561691
2159,0.001312871,32.39050522
2160,0.001312882,32.39441528
2161,0.001312816,32.39457512
2162,0.001312918,32.3914875
2163,0.001312815,32.39535255
2164,0.001312797,32.39780312
2165,0.001312788,32.39436607
2166,0.00131285,32.39486847
2167,0.001312756,32.39672394
2168,0.001312764,32.38843002
2169,0.001312724,32.39378853
2170,0.001312762,32.39350777
2171,0.001312758,32.40036201
2172,0.001312707,32.40754814
2173,0.001312714,32.398423
2174,0.001312702,32.38879051
2175,0.001312647,32.38740196
2176,0.001312705,32.3950798
2177,0.001312655,32.38660698
2178,0.001312658,32.39106636
2179,0.001312577,32.3897068
2180,0.001312579,32.39395676
2181,0.001312589,32.40099373
2182,0.001312567,32.383144
2183,0.001312679,32.39918709
2184,0.001312586,32.39063492
2185,0.001312572,32.38548431
2186,0.001312564,32.39644127
2187,0.001312527,32.39772224
2188,0.0013125,32.39523621
2189,0.001312487,32.39114685
2190,0.001312546,32.39544144
2191,0.001312434,32.39457817
2192,0.001312478,32.3972023
2193,0.001312461,32.3941494
2194,0.001312419,32.39169235
2195,0.0013124,32.39118843
2196,0.001312436,32.40232391
2197,0.001312429,32.39589462
2198,0.001312401,32.39725494
2199,0.001312345,32.39727402
2200,0.001312334,32.39973145
2201,0.001312332,32.39542007
2202,0.001312351,32.39701042
2203,0.001312179,32.39232597
2204,0.001312268,32.40374641
2205,0.00131229,32.39314499
2206,0.001312226,32.38922653
2207,0.001312283,32.39027061
2208,0.00131227,32.39326515
2209,0.001312272,32.39562759
2210,0.00131224,32.39514885
2211,0.001312163,32.39850845
2212,0.001312213,32.39022408
2213,0.001312205,32.39751358
2214,0.001312169,32.39519691
2215,0.001312132,32.39081879
2216,0.001312167,32.39178886
2217,0.001312047,32.39448586
2218,0.001312074,32.40196609
2219,0.001312047,32.39770889
2220,0.001312158,32.38414993
2221,0.00131206,32.39172478
2222,0.001312097,32.3958271
2223,0.001312037,32.40450516
2224,0.001312083,32.39917145
2225,0.001312051,32.40651436
2226,0.00131204,32.39361305
2227,0.001312043,32.39925385
2228,0.001312004,32.39362297
2229,0.001311928,32.38945541
2230,0.001311814,32.3943882
2231,0.001311884,32.39698181
2232,0.00131188,32.40148239
2233,0.001311938,32.3889946
2234,0.001311909,32.398349
2235,0.00131186,32.39590988
2236,0.001311839,32.391819
2237,0.001311783,32.39443588
2238,0.001311852,32.40253601
2239,0.001311783,32.40069733
2240,0.001311772,32.39612312
2241,0.001311838,32.3937252
2242,0.001311777,32.39692993
2243,0.001311789,32.39587593
2244,0.001311809,32.40368347
2245,0.001311839,32.39713287
2246,0.001311713,32.39971161
2247,0.001311748,32.39781342
2248,0.001311687,32.39286118
2249,0.001311665,32.39554977
2250,0.001311712,32.40180473
2251,0.001311703,32.39792671
2252,0.001311636,32.40555611
2253,0.001311719,32.39435501
2254,0.001311688,32.39026909
2255,0.001311628,32.39488297
2256,0.001311615,32.4062397
2257,0.001311618,32.39327583
2258,0.001311576,32.3982872
2259,0.001311529,32.39345627
2260,0.001311599,32.39491196
2261,0.001311549,32.4013237
2262,0.0013115,32.39398689
2263,0.001311526,32.40219154
2264,0.001311527,32.40242157
2265,0.001311465,32.40143356
2266,0.001311514,32.39082985
2267,0.001311501,32.39986343
2268,0.001311485,32.39478836
2269,0.001311467,32.393993
2270,0.001311389,32.39922256
2271,0.001311296,32.40199394
2272,0.001311382,32.39703674
2273,0.001311474,32.40004501
2274,0.001311386,32.39300346
2275,0.001311363,32.39882278
2276,0.00131137,32.39672127
2277,0.001311348,32.38900719
2278,0.001311271,32.3896286
2279,0.00131132,32.39843445
2280,0.001311292,32.4073864
2281,0.0013113,32.40512161
2282,0.001311378,32.40212021
2283,0.001311262,32.40266914
2284,0.001311277,32.40066032
2285,0.001311154,32.39980049
2286,0.001311262,32.39892197
2287,0.001311265,32.39223557
2288,0.001311161,32.39989738
2289,0.001311197,32.39581985
2290,0.001311238,32.40258904
2291,0.001311167,32.40859833
2292,0.001311164,32.39643478
2293,0.00131102,32.3997036
2294,0.001311027,32.40618134
2295,0.001311082,32.39198265
2296,0.001311088,32.39470901
2297,0.001310939,32.40369759
2298,0.001311033,32.39733009
2299,0.001311104,32.40846558
2300,0.001311017,32.40500526
2301,0.001311028,32.40178871
2302,0.001311034,32.40204163
2303,0.001311081,32.40602226
2304,0.001310953,32.39644279
2305,0.001310967,32.41059723
2306,0.001310921,32.39363899
2307,0.001310928,32.40229912
2308,0.001310921,32.39056778
2309,0.00131091,32.39686661
2310,0.001310753,32.40362816
2311,0.001310865,32.3918869
2312,0.001310903,32.39892387
2313,0.001310812,32.40361786
2314,0.001310884,32.40202255
2315,0.001310802,32.40288239
2316,0.001310657,32.39987869
2317,0.001310788,32.39831924
2318,0.001310737,32.40084648
2319,0.001310709,32.40668411
2320,0.001310796,32.39963036
2321,0.001310817,32.40552025
2322,0.001310788,32.39972267
2323,0.00131078,32.40091248
2324,0.001310734,32.40105629
2325,0.001310727,32.4023365
2326,0.0013107,32.39840546
2327,0.001310748,32.39879341
2328,0.001310621,32.40212936
2329,0.001310683,32.40175438
2330,0.001310614,32.40348663
2331,0.001310658,32.38874779
2332,0.001310556,32.40592804
2333,0.001310575,32.40548668
2334,0.001310571,32.39712868
2335,0.001310559,32.39200363
2336,0.001310553,32.40460243
2337,0.001310591,32.40493088
2338,0.001310599,32.40782013
2339,0.001310498,32.40525169
2340,0.001310502,32.40359955
2341,0.001310488,32.40155106
2342,0.001310392,32.39461937
2343,0.001310435,32.40492935
2344,0.001310321,32.40058975
2345,0.001310408,32.40364494
2346,0.001310478,32.40593567
2347,0.001310393,32.39704132
2348,0.001310435,32.39752197
2349,0.001310387,32.39889984
2350,0.001310342,32.40563736
2351,0.001310404,32.40570679
2352,0.001310351,32.40780182
2353,0.001310336,32.4007309
2354,0.00131027,32.40731125
2355,0.001310321,32.40014153
2356,0.001310341,32.4015789
2357,0.001310253,32.39788284
2358,0.001310316,32.40565414
2359,0.001310191,32.41063614
2360,0.001310251,32.40515976
2361,0.001310128,32.40005684
2362,0.001310226,32.40178375
2363,0.001310191,32.40911598
2364,0.001310186,32.39957428
2365,0.001310153,32.39853668
2366,0.001310205,32.40578384
2367,0.00131019,32.40621796
2368,0.001310186,32.39706764
2369,0.001310122,32.40264626
2370,0.00131001,32.39938011
2371,0.001310155,32.40848427
2372,0.001310126,32.39842033
2373,0.001310148,32.40191879
2374,0.001310035,32.4081955
2375,0.001310148,32.39923134
2376,0.001309976,32.40573196
2377,0.001310048,32.41092758
2378,0.001310041,32.4101963
2379,0.001310033,32.39466209
2380,0.001310007,32.39387703
2381,0.001309986,32.40558777
2382,0.00131002,32.4068779
2383,0.001309944,32.40513191
2384,0.001309883,32.40210991
2385,0.001309941,32.39714088
2386,0.001309858,32.40796165
2387,0.001309901,32.40858078
2388,0.001309882,32.40426712
2389,0.001309855,32.40437546
2390,0.00130986,32.3990921
2391,0.001309902,32.40305481
2392,0.001309852,32.3931572
2393,0.001309815,32.40120049
2394,0.001309878,32.41082764
2395,0.001309814,32.40626221
2396,0.001309831,32.40773277
2397,0.001309799,32.39947281
2398,0.001309728,32.4022438
2399,0.001309775,32.41225395
2400,0.001309703,32.39055557
2401,0.001309754,32.40363083
2402,0.00130973,32.40530777
2403,0.001309738,32.39636154
2404,0.0013097,32.4033741
2405,0.001309642,32.40426483
2406,0.001309662,32.39277916
2407,0.001309687,32.4047226
2408,0.001309652,32.40544739
2409,0.001309582,32.39599876
2410,0.001309642,32.40012054
2411,0.00130961,32.4027298
2412,0.001309572,32.40685654
2413,0.001309576,32.40448952
2414,0.001309625,32.40802917
2415,0.001309506,32.40547295
2416,0.001309569,32.40624733
2417,0.001309508,32.40699806
2418,0.001309524,32.4073925
2419,0.001309517,32.40882111
2420,0.001309455,32.40861282
2421,0.001309491,32.40374832
2422,0.001309464,32.39986496
2423,0.001309404,32.41009407
2424,0.001309502,32.40034027
2425,0.001309357,32.40669746
2426,0.001309284,32.40562477
2427,0.001309437,32.40714302
2428,0.00130939,32.39873924
2429,0.001309342,32.4077774
2430,0.001309343,32.40195923
2431,0.001309328,32.41093597
2432,0.00130939,32.41026688
2433,0.001309317,32.40358543
2434,0.001309335,32.39857521
2435,0.001309248,32.40886955
2436,0.001309297,32.40281754
2437,0.00130927,32.41002121
2438,0.001309198,32.41263809
2439,0.001309151,32.40376091
2440,0.001309251,32.40406418
2441,0.00130921,32.40845566
2442,0.001309227,32.40289917
2443,0.00130923,32.40035667
2444,0.001309251,32.40011902
2445,0.001309187,32.40651627
2446,0.001309235,32.39785576
2447,0.001309094,32.40776329
2448,0.001309146,32.40778122
2449,0.001309101,32.40415573
2450,0.001309166,32.41000137
2451,0.001309118,32.40708199
2452,0.001309085,32.4036499
2453,0.001309049,32.41104507
2454,0.001309114,32.40610657
2455,0.001308969,32.40421181
2456,0.001309038,32.40653496
2457,0.001309058,32.40784683
2458,0.001309003,32.41316872
2459,0.00130894,32.41196518
2460,0.001308953,32.41165543
2461,0.001308972,32.41205215
2462,0.001308945,32.40567474
2463,0.001308945,32.41449127
2464,0.001308925,32.40667229
2465,0.001308904,32.40089264
2466,0.001308956,32.40915642
2467,0.00130884,32.4103405
2468,0.001308834,32.40911369
2469,0.001308963,32.40652046
2470,0.001308787,32.41050529
2471,0.001308895,32.40693245
2472,0.001308811,32.40150757
2473,0.001308867,32.40784264
2474,0.001308702,32.41270218
2475,0.001308822,32.39921608
2476,0.001308813,32.40943947
2477,0.001308787,32.40639
2478,0.001308791,32.40690155
2479,0.001308695,32.40170212
2480,0.001308714,32.41057625
2481,0.001308753,32.40725212
2482,0.001308679,32.39704819
2483,0.001308704,32.40913467
2484,0.001308772,32.40595856
2485,0.001308667,32.41135864
2486,0.001308721,32.40991287
2487,0.001308543,32.41088638
2488,0.001308633,32.4025341
2489,0.001308615,32.4031456
2490,0.00130857,32.40481071
2491,0.001308582,32.41455536
2492,0.001308638,32.41120186
2493,0.001308473,32.40852242
2494,0.001308604,32.40766373
2495,0.00130856,32.40954857
2496,0.001308496,32.40884781
2497,0.001308504,32.40375786
2498,0.001308497,32.40200768
2499,0.001308527,32.41168365
2500,0.001308466,32.39798164
2501,0.001308457,32.40496712
2502,0.001308444,32.40500374
2503,0.001308416,32.40447884
2504,0.00130844,32.40137215
2505,0.00130838,32.41578484
2506,0.001308356,32.40744286
2507,0.0013084,32.40834503
2508,0.001308363,32.4112915
2509,0.00130837,32.4145916
2510,0.001308269,32.41432037
2511,0.001308366,32.40483475
2512,0.001308272,32.4119091
2513,0.001308316,32.40830994
2514,0.001308273,32.40663185
2515,0.001308299,32.41530037
2516,0.001308292,32.40458107
2517,0.00130817,32.40818443
2518,0.001308249,32.41414833
2519,0.001308226,32.41347771
2520,0.001308239,32.40884857
2521,0.001308223,32.4100338
2522,0.00130822,32.40867729
2523,0.001308116,32.41230927
2524,0.001308081,32.41074715
2525,0.00130814,32.41241989
2526,0.00130809,32.41626434
2527,0.00130813,32.41353951
2528,0.001308111,32.4110054
2529,0.001308125,32.41425133
2530,0.001308008,32.409478
2531,0.00130815,32.40821686
2532,0.001308034,32.40863876
2533,0.001308094,32.41952705
2534,0.001308052,32.41237297
2535,0.001308104,32.40088615
2536,0.001308037,32.4094368
2537,0.001308028,32.40906982
2538,0.001308062,32.41352921
2539,0.001308028,32.41305466
2540,0.001307909,32.41117096
2541,0.001308041,32.4128582
2542,0.001307906,32.41104164
2543,0.001307956,32.41355133
2544,0.001307974,32.41305847
2545,0.00130793,32.41164627
2546,0.001307835,32.40953598
2547,0.001307899,32.41321259
2548,0.001307856,32.41547813
2549,0.001307837,32.40830536
2550,0.001307885,32.41792336
2551,0.00130789,32.40745773
2552,0.001307833,32.41425476
2553,0.001307863,32.41509285
2554,0.001307855,32.40927238
2555,0.001307752,32.41080475
2556,0.001307752,32.41990318
2557,0.001307634,32.41823997
2558,0.001307746,32.4054985
2559,0.001307782,32.4134304
2560,0.001307709,32.41848488
2561,0.001307756,32.41443138
2562,0.001307712,32.41372414
2563,0.001307732,32.41636772
2564,0.001307713,32.41681175
2565,0.001307676,32.41305389
2566,0.001307604,32.417593
2567,0.001307613,32.4132164
2568,0.00130764,32.41375961
2569,0.00130761,32.41761589
2570,0.001307607,32.40510292
2571,0.00130766,32.41463699
2572,0.001307585,32.41498985
2573,0.001307475,32.41199646
2574,0.001307547,32.41100121
2575,0.001307559,32.41823616
2576,0.001307511,32.41001472
2577,0.001307542,32.4093586
2578,0.001307444,32.41133728
2579,0.001307426,32.40881615
2580,0.001307437,32.40917168
2581,0.001307412,32.41302567
2582,0.001307482,32.41465073
2583,0.001307462,32.41594048
2584,0.001307442,32.41896439
2585,0.001307434,32.41274376
2586,0.001307338,32.41125908
2587,0.001307422,32.41669044
2588,0.001307328,32.41613197
2589,0.001307354,32.4086731
2590,0.001307389,32.41486969
2591,0.00130733,32.40923615
2592,0.001307302,32.4116642
2593,0.001307277,32.41369667
2594,0.001307258,32.40835686
2595,0.001307221,32.40863762
2596,0.001307298,32.40586586
2597,0.00130727,32.41275253
2598,0.001307281,32.41348228
2599,0.001307193,32.41914978
2600,0.001307165,32.41684647
2601,0.001307187,32.41522026
2602,0.001307235,32.41651421
2603,0.001307163,32.41596947
2604,0.001307129,32.41357422
2605,0.001307181,32.41286545
2606,0.001307239,32.4103054
2607,0.001307183,32.4025177
2608,0.001307086,32.40940628
2609,0.001307122,32.41379509
2610,0.001307149,32.40904312
2611,0.001307052,32.4086895
2612,0.001307021,32.41989861
2613,0.001307065,32.42541008
2614,0.001307075,32.41996994
2615,0.001306879,32.41761017
2616,0.001307052,32.42124062
2617,0.001306982,32.41852989
2618,0.001307028,32.41793251
2619,0.001306999,32.41537895
2620,0.001306908,32.41927986
2621,0.001307053,32.41214218
2622,0.001306902,32.41207428
2623,0.001306969,32.42194023
2624,0.001306969,32.41514893
2625,0.001306958,32.40949631
2626,0.001306877,32.41483154
2627,0.001306858,32.41301155
2628,0.00130688,32.41082153
2629,0.001306823,32.41294174
2630,0.001306904,32.41711807
2631,0.001306808,32.40839691
2632,0.001306841,32.41269608
2633,0.001306853,32.41242332
2634,0.001306769,32.4129818
2635,0.001306818,32.40975113
2636,0.001306741,32.41824036
2637,0.001306809,32.42112503
2638,0.001306778,32.42254562
2639,0.001306716,32.42029724
2640,0.001306706,32.41813393
2641,0.001306687,32.41085815
2642,0.001306721,32.41723213
2643,0.001306696,32.42367744
2644,0.001306705,32.41522865
2645,0.001306676,32.41195335
2646,0.001306696,32.41576271
2647,0.00130672,32.41933899
2648,0.001306611,32.41540298
2649,0.00130664,32.41388931
2650,0.001306581,32.42733612
2651,0.001306563,32.41589813
2652,0.001306579,32.42143784
2653,0.001306574,32.41596107
2654,0.001306482,32.41750336
2655,0.00130652,32.41946182
2656,0.001306539,32.42092247
2657,0.001306564,32.41932182
2658,0.001306544,32.41899261
2659,0.001306482,32.41959534
2660,0.001306551,32.42402687
2661,0.001306506,32.42063103
2662,0.001306409,32.4210598
2663,0.001306459,32.41114998
2664,0.001306468,32.4227581
2665,0.001306406,32.42163467
2666,0.001306448,32.41630478
2667,0.001306457,32.41736565
2668,0.00130635,32.42358284
2669,0.001306393,32.41419678
2670,0.001306351,32.41185493
2671,0.001306308,32.42260132
2672,0.001306329,32.41890373
2673,0.001306356,32.41692238
2674,0.00130639,32.41379471
2675,0.001306297,32.41145515
2676,0.001306331,32.41418228
2677,0.001306218,32.42320671
2678,0.001306193,32.42028923
2679,0.0013062,32.42441254
2680,0.001306327,32.42295876
2681,0.00130618,32.41775322
2682,0.001306218,32.41319351
2683,0.001306186,32.41745682
2684,0.001306166,32.42083817
2685,0.001306188,32.42230568
2686,0.001306233,32.41869507
2687,0.001306018,32.40980377
2688,0.001306113,32.42350502
2689,0.001306087,32.42240601
2690,0.001306133,32.4141674
2691,0.001306157,32.41169128
2692,0.001306101,32.41747971
2693,0.001306046,32.41364975
2694,0.001306123,32.42141418
2695,0.001306057,32.42288246
2696,0.001306003,32.42642784
2697,0.001305994,32.42443085
2698,0.001306041,32.42831116
2699,0.00130598,32.41922913
2700,0.001305982,32.42850685
2701,0.001305971,32.42157478
2702,0.001305997,32.42134628
2703,0.001305862,32.42083626
2704,0.001305948,32.42509041
2705,0.001305874,32.41066971
2706,0.001305948,32.43256836
2707,0.001305932,32.4195343
2708,0.001305889,32.42412643
2709,0.001305808,32.42577896
2710,0.001305911,32.42083206
2711,0.001305831,32.42614098
2712,0.001305858,32.41495285
2713,0.00130583,32.42611923
2714,0.00130579,32.42251663
2715,0.001305718,32.41863823
2716,0.001305787,32.42396736
2717,0.001305761,32.41184578
2718,0.001305735,32.42255058
2719,0.001305717,32.41417618
2720,0.001305746,32.42337532
2721,0.00130579,32.41600533
2722,0.001305773,32.4271553
2723,0.001305706,32.4266346
2724,0.001305661,32.41890259
2725,0.001305685,32.42410431
2726,0.001305709,32.42810478
2727,0.001305685,32.41636314
2728,0.001305687,32.42222252
2729,0.001305634,32.42239113
2730,0.001305677,32.42328339
2731,0.001305563,32.42642365
2732,0.001305612,32.42670097
2733,0.001305543,32.41367226
2734,0.001305559,32.42258873
2735,0.001305529,32.42655373
2736,0.00130551,32.41956177
2737,0.001305474,32.42583046
2738,0.001305512,32.42584
2739,0.001305499,32.42546005
2740,0.001305433,32.42286797
2741,0.001305522,32.42829857
2742,0.001305476,32.41546249
2743,0.001305415,32.41873779
2744,0.001305438,32.42724686
2745,0.001305416,32.42253723
2746,0.001305455,32.42237358
2747,0.001305391,32.42250366
2748,0.001305458,32.41831512
2749,0.001305241,32.42654114
2750,0.001305355,32.42669258
2751,0.001305366,32.42695503
2752,0.001305349,32.42117233
2753,0.001305389,32.41658936
2754,0.001305379,32.42930717
2755,0.001305326,32.40475426
2756,0.001305368,32.41873055
2757,0.001305328,32.4206768
2758,0.00130521,32.42108307
2759,0.001305275,32.42045975
2760,0.001305278,32.42117767
2761,0.001305232,32.42685814
2762,0.00130527,32.42224655
2763,0.001305234,32.42127457
2764,0.001305217,32.42219315
2765,0.001305223,32.42633476
2766,0.001305198,32.42601624
2767,0.001305155,32.41965675
2768,0.001305142,32.42693901
2769,0.001305219,32.41881523
2770,0.001305152,32.41688423
2771,0.00130506,32.42417603
2772,0.00130504,32.41973114
2773,0.001305076,32.42557755
2774,0.001305117,32.42204514
2775,0.001305057,32.42641296
2776,0.001305101,32.4294323
2777,0.001305019,32.42842598
2778,0.001304979,32.42689247
2779,0.001305072,32.43025208
2780,0.001304944,32.41742249
2781,0.001304958,32.42298317
2782,0.001304923,32.42252197
2783,0.001304899,32.42366714
2784,0.001304987,32.42734604
2785,0.001304921,32.42428665
2786,0.001304991,32.42578773
2787,0.001304843,32.42665176
2788,0.001304863,32.42784576
2789,0.001304821,32.41668434
2790,0.00130484,32.42929306
2791,0.001304885,32.42161751
2792,0.00130475,32.42931519
2793,0.001304821,32.42775993
2794,0.001304601,32.42385674
2795,0.001304621,32.42943382
2796,0.001304656,32.43000374
2797,0.001304628,32.42666397
2798,0.001304535,32.41537628
2799,0.001304572,32.42109909
2800,0.00130457,32.42049675
2801,0.001304532,32.42014351
2802,0.00130452,32.42910614
2803,0.001304444,32.43082733
2804,0.001304513,32.42972221
2805,0.00130441,32.42461662
2806,0.001304345,32.42082062
2807,0.001304359,32.42086754
2808,0.001304295,32.42833557
2809,0.001304308,32.42750397
2810,0.001304222,32.42756844
2811,0.001304376,32.42044144
2812,0.00130431,32.42452431
2813,0.001304232,32.42289124
2814,0.001304196,32.41814156
2815,0.001304155,32.42963104
2816,0.001304122,32.42236862
2817,0.001304213,32.42379761
2818,0.001304213,32.4211174
2819,0.001304168,32.4254055
2820,0.001304059,32.42102089
2821,0.001304043,32.42957497
2822,0.00130403,32.42662354
2823,0.001304061,32.4276207
2824,0.001304028,32.41857796
2825,0.001304,32.42362862
2826,0.001303963,32.42675209
2827,0.00130396,32.4330246
2828,0.001303947,32.41991577
2829,0.00130394,32.42725792
2830,0.001303922,32.41866646
2831,0.001303904,32.42218018
2832,0.001303772,32.4275322
2833,0.001303903,32.42424736
2834,0.001303866,32.43061562
2835,0.001303786,32.42125549
2836,0.001303832,32.42695274
2837,0.001303806,32.42954559
2838,0.001303812,32.43322945
2839,0.001303581,32.42771988
2840,0.001303744,32.43754616
2841,0.001303741,32.42650909
2842,0.001303728,32.4284977
2843,0.001303676,32.42723961
2844,0.001303536,32.42568893
2845,0.00130365,32.43114471
2846,0.001303589,32.43008804
2847,0.001303597,32.43206177
2848,0.001303626,32.43163452
2849,0.001303536,32.42415771
2850,0.001303602,32.42899895
2851,0.001303574,32.42556534
2852,0.001303506,32.42996521
2853,0.001303542,32.43422661
2854,0.001303516,32.43259354
2855,0.001303517,32.42732506
2856,0.001303562,32.43611145
2857,0.001303556,32.43162041
2858,0.001303469,32.42789192
2859,0.001303458,32.4214016
2860,0.001303363,32.43634262
2861,0.001303309,32.43444405
2862,0.001303401,32.4282589
2863,0.001303333,32.4318058
2864,0.001303352,32.43387833
2865,0.001303402,32.42116547
2866,0.001303268,32.43946037
2867,0.001303346,32.43305016
2868,0.001303213,32.43745651
2869,0.001303273,32.42741966
2870,0.001303346,32.43275871
2871,0.001303269,32.4315258
2872,0.001303206,32.43302116
2873,0.001303178,32.4235939
2874,0.001303158,32.42278633
2875,0.001303185,32.42752304
2876,0.001303197,32.43374329
2877,0.001303033,32.42959938
2878,0.001303123,32.4307579
2879,0.001303122,32.42356949
2880,0.001303106,32.43290634
2881,0.001303079,32.43453445
2882,0.001303144,32.43111267
2883,0.001303062,32.42449608
2884,0.001303062,32.43000641
2885,0.00130307,32.43013611
2886,0.001302913,32.43130264
2887,0.001303009,32.42866135
2888,0.00130301,32.43054962
2889,0.001303044,32.43644485
2890,0.001302948,32.43379974
2891,0.001302898,32.42827759
2892,0.001302929,32.42647743
2893,0.001302858,32.43323631
2894,0.001302907,32.43671684
2895,0.001302878,32.43140945
2896,0.001302864,32.43159485
2897,0.001302794,32.42859612
2898,0.001302793,32.43597908
2899,0.001302852,32.42235031
2900,0.001302818,32.43129234
2901,0.001302781,32.43154106
2902,0.00130279,32.42709084
2903,0.001302766,32.43091125
2904,0.001302768,32.43827591
2905,0.001302715,32.42585258
2906,0.00130267,32.43459053
2907,0.001302725,32.43440628
2908,0.001302641,32.43194008
2909,0.001302694,32.43370361
2910,0.001302658,32.4352951
2911,0.001302721,32.43108139
2912,0.001302661,32.43452339
2913,0.00130261,32.43880844
2914,0.001302547,32.42737198
2915,0.00130261,32.43764725
2916,0.001302619,32.43293686
2917,0.001302551,32.44120407
2918,0.001302563,32.43255196
2919,0.001302581,32.42388573
2920,0.001302476,32.43764
2921,0.001302521,32.43235359
2922,0.001302514,32.4311245
2923,0.001302442,32.4405632
2924,0.001302467,32.43824577
2925,0.001302474,32.43732376
2926,0.001302372,32.43631706
2927,0.001302374,32.43632202
2928,0.001302354,32.43351364
2929,0.001302336,32.43710442
2930,0.001302349,32.43527184
2931,0.001302372,32.43642502
2932,0.001302384,32.43165665
2933,0.001302352,32.44144783
2934,0.001302232,32.43286667
2935,0.001302318,32.43563461
2936,0.001302274,32.4353569
2937,0.001302359,32.43842621
2938,0.001302278,32.42817078
2939,0.001302308,32.44380875
2940,0.00130226,32.42632713
2941,0.001302253,32.43487091
2942,0.001302192,32.44172859
2943,0.001302181,32.43545647
2944,0.001302207,32.44216003
2945,0.001302232,32.43489647
2946,0.001302213,32.42987518
2947,0.001302208,32.43165054
2948,0.001302189,32.43652153
2949,0.001301992,32.43510818
2950,0.001302133,32.43799171
2951,0.001302072,32.4333065
2952,0.001302099,32.43857384
2953,0.001302148,32.43221626
2954,0.001302107,32.44409103
2955,0.001301982,32.43797722
2956,0.001301978,32.43027725
2957,0.001302079,32.43694496
2958,0.001301994,32.43148537
2959,0.001301953,32.43144569
2960,0.001301943,32.43330841
2961,0.001301988,32.4345253
2962,0.001302009,32.43571205
2963,0.001301904,32.43542519
2964,0.001301872,32.43773804
2965,0.001301915,32.43975296
2966,0.001301919,32.43249969
2967,0.001301875,32.44387512
2968,0.001301848,32.44528542
2969,0.001301761,32.43623505
2970,0.00130187,32.4328743
2971,0.001301837,32.43496094
2972,0.001301812,32.43388977
2973,0.001301818,32.4382618
2974,0.001301744,32.43249512
2975,0.001301817,32.4317421
2976,0.001301653,32.43844604
2977,0.001301803,32.43994141
2978,0.001301759,32.43572693
2979,0.001301745,32.43955536
2980,0.001301726,32.43979683
2981,0.00130162,32.4404541
2982,0.001301684,32.42712212
2983,0.001301722,32.43288345
2984,0.001301679,32.43494682
2985,0.001301633,32.43705482
2986,0.001301647,32.4372303
2987,0.001301616,32.43681145
2988,0.001301632,32.43819122
2989,0.001301538,32.43569374
2990,0.001301491,32.43552551
2991,0.001301614,32.43813362
2992,0.00130154,32.43981361
2993,0.001301584,32.43740234
2994,0.00130159,32.43516312
2995,0.001301522,32.43387642
2996,0.001301473,32.43393326
2997,0.001301536,32.43663177
2998,0.001301503,32.4344738
2999,0.001301555,32.4428772
3000,0.001301373,32.43683777
3001,0.001301464,32.43397179
3002,0.001301446,32.43446198
3003,0.001301436,32.43932304
3004,0.00130142,32.43429718
3005,0.00130144,32.44478683
3006,0.00130142,32.43122711
3007,0.001301313,32.44414597
3008,0.001301349,32.43504143
3009,0.001301329,32.4421257
3010,0.001301417,32.42748833
3011,0.001301278,32.43694191
3012,0.001301281,32.43899498
3013,0.001301321,32.4406395
3014,0.0013013,32.43779564
3015,0.00130129,32.44435577
3016,0.001301104,32.43924789
3017,0.001301288,32.44515533
3018,0.001301206,32.43681374
3019,0.001301195,32.44432983
3020,0.001301142,32.44432144
3021,0.001301237,32.44412079
3022,0.001301115,32.43968239
3023,0.001301192,32.44617004
3024,0.001301183,32.42912445
3025,0.0013011,32.44681549
3026,0.001301121,32.44828033
3027,0.001301071,32.44587479
3028,0.001301058,32.43686218
3029,0.001301137,32.44523239
3030,0.001301139,32.43984909
3031,0.001301076,32.44098129
3032,0.001301047,32.43430443
3033,0.001301057,32.43912811
3034,0.001301017,32.43989449
3035,0.001301036,32.44352722
3036,0.001300928,32.44153175
3037,0.001300992,32.45141411
3038,0.00130101,32.44420433
3039,0.001300959,32.43781967
3040,0.001300895,32.43835258
3041,0.001300989,32.42937737
3042,0.0013009,32.43781776
3043,0.001300943,32.44204445
3044,0.001300849,32.44494781
3045,0.001300861,32.44734116
3046,0.001300864,32.43693466
3047,0.001300794,32.43776131
3048,0.001300915,32.44109688
3049,0.001300835,32.44532852
3050,0.001300831,32.44035645
3051,0.001300864,32.44223404
3052,0.001300774,32.4347805
3053,0.001300747,32.43337212
3054,0.001300705,32.44477081
3055,0.001300742,32.44281998
3056,0.00130076,32.4461319
3057,0.001300672,32.44407578
3058,0.001300695,32.43991814
3059,0.001300651,32.44174232
3060,0.001300607,32.439608
3061,0.001300735,32.44194489
3062,0.001300695,32.43990059
3063,0.001300592,32.44020348
3064,0.001300632,32.43038292
3065,0.001300575,32.44313393
3066,0.001300572,32.43613319
3067,0.001300539,32.44254761
3068,0.001300609,32.44703979
3069,0.001300658,32.44656792
3070,0.001300496,32.43914108
3071,0.001300538,32.43805351
3072,0.001300533,32.44319763
3073,0.001300522,32.44166031
3074,0.001300516,32.45076828
3075,0.001300434,32.43965187
3076,0.001300505,32.44493561
3077,0.001300506,32.44259109
3078,0.001300453,32.43964729
3079,0.001300366,32.44580345
3080,0.001300474,32.44775772
3081,0.001300501,32.44324112
3082,0.001300408,32.4385437
3083,0.001300341,32.43754616
3084,0.001300322,32.44160423
3085,0.001300336,32.44064026
3086,0.001300404,32.44359207
3087,0.001300365,32.44785652
3088,0.001300294,32.44424477
3089,0.001300354,32.44079437
3090,0.001300262,32.43484764
3091,0.001300292,32.43741112
3092,0.001300302,32.44314728
3093,0.001300213,32.44234924
3094,0.001300166,32.43962975
3095,0.001300247,32.44002342
3096,0.001300212,32.4414093
3097,0.001300249,32.44882965
3098,0.001300186,32.44011612
3099,0.001300161,32.44240074
3100,0.001300231,32.4482933
3101,0.00130021,32.44366226
3102,0.001300169,32.4441288
3103,0.00130017,32.44545441
3104,0.001300177,32.4421669
3105,0.001300134,32.43934708
3106,0.001300117,32.4450985
3107,0.001300141,32.44048386
3108,0.001300105,32.44481964
3109,0.001300104,32.44682159
3110,0.00130007,32.44734764
3111,0.001300042,32.43931847
3112,0.001300084,32.43881569
3113,0.001300043,32.44495087
3114,0.001299971,32.4489933
3115,0.001300025,32.44152145
3116,0.001300023,32.44186707
3117,0.001299915,32.44811707
3118,0.001299984,32.44692802
3119,0.001299991,32.44683189
3120,0.001299887,32.44511871
3121,0.001299951,32.44371109
3122,0.001299917,32.44291611
3123,0.001299955,32.45165405
3124,0.001299916,32.44593468
3125,0.001299948,32.44166908
3126,0.001299897,32.44860878
3127,0.001299954,32.45093689
3128,0.001299781,32.44657555
3129,0.001299871,32.44361496
3130,0.001299767,32.44918404
3131,0.001299785,32.44646454
3132,0.00129988,32.44909096
3133,0.001299729,32.44723053
3134,0.00129979,32.43688087
3135,0.001299774,32.44609795
3136,0.001299751,32.44540024
3137,0.001299801,32.43779831
3138,0.001299793,32.44756317
3139,0.001299733,32.44128494
3140,0.001299677,32.44744034
3141,0.001299752,32.45011673
3142,0.001299768,32.45011673
3143,0.001299662,32.44439278
3144,0.001299637,32.44330597
3145,0.001299658,32.44980392
3146,0.001299648,32.44512672
3147,0.001299721,32.45011253
3148,0.001299577,32.44032822
3149,0.001299575,32.45453606
3150,0.00129957,32.44045906
3151,0.001299579,32.44917297
3152,0.001299536,32.44871025
3153,0.001299523,32.44355888
3154,0.001299573,32.44218636
3155,0.001299512,32.44451523
3156,0.001299545,32.44629898
3157,0.001299494,32.44726028
3158,0.001299499,32.44748001
3159,0.001299459,32.44504051
3160,0.001299448,32.45391235
3161,0.001299457,32.44323273
3162,0.001299466,32.445224
3163,0.001299424,32.45535965
3164,0.001299464,32.44566917
3165,0.001299314,32.44742126
3166,0.001299418,32.45435371
3167,0.001299352,32.44767036
3168,0.001299395,32.4406601
3169,0.001299317,32.44767952
3170,0.001299355,32.45396767
3171,0.001299339,32.45320663
3172,0.001299371,32.45053329
3173,0.001299319,32.45204735
3174,0.00129924,32.44839973
3175,0.001299314,32.44673004
3176,0.001299279,32.43691292
3177,0.00129929,32.4460453
3178,0.0012993,32.45206833
3179,0.001299203,32.44735336
3180,0.001299255,32.44356613
3181,0.001299275,32.45075226
3182,0.001299155,32.45902176
3183,0.001299165,32.43558159
3184,0.001299195,32.45136681
3185,0.00129916,32.44534836
3186,0.001299152,32.44658852
3187,0.001299125,32.4535202
3188,0.001299171,32.44988403
3189,0.001299229,32.45322342
3190,0.0012991,32.44869003
3191,0.001299131,32.44730148
3192,0.001299097,32.4477478
3193,0.001299126,32.44030457
3194,0.001299086,32.45321083
3195,0.001299104,32.44605064
3196,0.001299003,32.44613686
3197,0.001298998,32.4474659
3198,0.001299,32.44825401
3199,0.001299015,32.45409508
3200,0.001299024,32.44569778
3201,0.00129886,32.45076904
3202,0.001298928,32.45012589
3203,0.001299033,32.45400581
3204,0.001298871,32.4473999
3205,0.001298975,32.4504982
3206,0.001298953,32.45385361
3207,0.001298909,32.4453804
3208,0.00129894,32.44738159
3209,0.00129888,32.44683914
3210,0.001298887,32.43928375
3211,0.001298796,32.4542572
3212,0.001298822,32.45698204
3213,0.001298835,32.44439049
3214,0.001298822,32.4442009
3215,0.001298798,32.45302887
3216,0.001298898,32.44217796
3217,0.001298826,32.4465126
3218,0.00129875,32.45899162
3219,0.001298725,32.44806786
3220,0.001298801,32.45541916
3221,0.001298734,32.4557766
3222,0.001298695,32.44891129
3223,0.001298732,32.45551605
3224,0.001298657,32.44903221
3225,0.001298697,32.4505825
3226,0.001298789,32.45251617
3227,0.001298594,32.44781113
3228,0.001298616,32.44366989
3229,0.001298694,32.45223694
3230,0.001298635,32.4447258
3231,0.001298579,32.45484619
3232,0.001298569,32.45722618
3233,0.001298643,32.45403099
3234,0.001298601,32.44677734
3235,0.001298628,32.45455742
3236,0.001298645,32.4534626
3237,0.001298506,32.45988617
3238,0.001298515,32.45426826
3239,0.001298442,32.45793037
3240,0.001298516,32.44768066
3241,0.001298482,32.44781532
3242,0.001298471,32.45155754
3243,0.001298457,32.45210609
3244,0.00129854,32.45954857
3245,0.001298458,32.45653152
3246,0.00129844,32.45447006
3247,0.001298473,32.4525486
3248,0.001298292,32.45181274
3249,0.001298452,32.44718628
3250,0.001298318,32.46276207
3251,0.001298381,32.44988403
3252,0.001298314,32.4568634
3253,0.001298293,32.44986992
3254,0.001298352,32.45717506
3255,0.001298356,32.45944519
3256,0.001298337,32.45194931
3257,0.00129833,32.45600204
3258,0.00129828,32.45509262
3259,0.001298279,32.44793205
3260,0.001298324,32.44951439
3261,0.001298263,32.44725494
3262,0.001298336,32.45794067
3263,0.001298257,32.45009499
3264,0.001298211,32.45129395
3265,0.001298219,32.45323601
3266,0.001298003,32.45473785
3267,0.001298185,32.45859222
3268,0.001298247,32.44838676
3269,0.001298215,32.45862083
3270,0.001298169,32.45146866
3271,0.001298156,32.4551403
3272,0.001298159,32.45564995
3273,0.001298128,32.44459877
3274,0.001298121,32.46020355
3275,0.001298131,32.45524101
3276,0.00129802,32.45617218
3277,0.001298083,32.45183716
3278,0.00129811,32.45547028
3279,0.001298055,32.44759178
3280,0.001298073,32.45055466
3281,0.001298056,32.4525795
3282,0.001297904,32.4458416
3283,0.001297985,32.45568733
3284,0.001298011,32.45588646
3285,0.001297957,32.46023674
3286,0.001298033,32.45012398
3287,0.001297961,32.45454292
3288,0.001297909,32.45639458
3289,0.00129796,32.45634079
3290,0.001297984,32.4550766
3291,0.001297942,32.45613174
3292,0.001297881,32.4616684
3293,0.001297835,32.45915451
3294,0.001297876,32.45875854
3295,0.001297936,32.45556641
3296,0.00129795,32.45679131
3297,0.001297869,32.45730133
3298,0.001297915,32.45546722
3299,0.001297895,32.45342064
3300,0.001297789,32.45422707
3301,0.00129775,32.45071259
3302,0.001297623,32.45698814
3303,0.001297892,32.45713501
3304,0.00129777,32.46096954
3305,0.001297774,32.4553833
3306,0.001297818,32.45784035
3307,0.001297732,32.45219345
3308,0.001297761,32.46111641
3309,0.00129773,32.45517273
3310,0.001297736,32.45684128
3311,0.001297738,32.46125183
3312,0.001297656,32.45712166
3313,0.001297723,32.45096245
3314,0.00129769,32.46128464
3315,0.001297707,32.45674591
3316,0.001297712,32.45541611
3317,0.001297568,32.4564537
3318,0.001297683,32.46046486
3319,0.001297638,32.44647102
3320,0.001297565,32.45993652
3321,0.001297634,32.46005554
3322,0.001297596,32.45777817
3323,0.001297618,32.46684952
3324,0.00129758,32.4583107
3325,0.001297538,32.46079597
3326,0.001297473,32.45493126
3327,0.001297573,32.44893532
3328,0.001297541,32.45446625
3329,0.001297395,32.45153236
3330,0.00129757,32.45127602
3331,0.001297507,32.45750999
3332,0.00129752,32.45329704
3333,0.001297515,32.45870514
3334,0.001297522,32.45528679
3335,0.001297507,32.45809746
3336,0.001297447,32.46322937
3337,0.001297404,32.4562458
3338,0.001297415,32.4605217
3339,0.001297354,32.45405502
3340,0.001297421,32.45839348
3341,0.001297407,32.46148071
3342,0.001297359,32.45657997
3343,0.001297357,32.46087189
3344,0.001297346,32.45247917
3345,0.001297407,32.46214066
3346,0.001297317,32.45777855
3347,0.00129729,32.45939178
3348,0.001297319,32.45964661
3349,0.001297279,32.45394783
3350,0.001297314,32.4580368
3351,0.001297131,32.44958496
3352,0.001297275,32.45658302
3353,0.00129732,32.45604057
3354,0.001297251,32.45890312
3355,0.001297244,32.44955254
3356,0.001297228,32.4624855
3357,0.001297169,32.46754913
3358,0.001297139,32.46497269
3359,0.00129724,32.45575218
3360,0.001297177,32.45343018
3361,0.001297162,32.46145782
3362,0.001297076,32.4621685
3363,0.001297164,32.45740891
3364,0.001297044,32.4630909
3365,0.001297154,32.46375275
3366,0.001297117,32.44734421
3367,0.001297129,32.45229836
3368,0.001297018,32.45142899
3369,0.001297156,32.46546288
3370,0.001297108,32.45736389
3371,0.001296988,32.46465263
3372,0.001296951,32.45664291
3373,0.00129697,32.46232185
3374,0.001297069,32.45389557
3375,0.00129701,32.45769882
3376,0.001296982,32.45943489
3377,0.001296982,32.4600975
3378,0.001297002,32.46298256
3379,0.00129705,32.46676483
3380,0.001297002,32.46190109
3381,0.001296978,32.46517754
3382,0.001296898,32.45600166
3383,0.001296993,32.45916328
3384,0.001296859,32.46248665
3385,0.001296875,32.46073761
3386,0.001296882,32.46015549
3387,0.001296904,32.46523857
3388,0.001296951,32.46332817
3389,0.00129688,32.45923653
3390,0.001296906,32.45733299
3391,0.001296745,32.46249886
3392,0.001296785,32.45785217
3393,0.00129681,32.45179825
3394,0.001296751,32.46307755
3395,0.001296749,32.46097298
3396,0.001296804,32.46165047
3397,0.001296783,32.45956573
3398,0.001296788,32.45950699
3399,0.001296719,32.46669197
3400,0.001296798,32.45597458
3401,0.001296726,32.45622711
3402,0.001296745,32.46152191
3403,0.001296703,32.45066338
3404,0.00129664,32.46124191
3405,0.00129662,32.45791321
3406,0.001296683,32.45267677
3407,0.001296692,32.46062355
3408,0.001296695,32.45725403
3409,0.001296622,32.45284729
3410,0.001296695,32.46127586
3411,0.00129667,32.46469994
3412,0.001296656,32.45882416
3413,0.001296633,32.45748787
3414,0.001296565,32.45265007
3415,0.001296596,32.45927773
3416,0.00129651,32.46417427
3417,0.001296554,32.46147728
3418,0.001296653,32.46014671
3419,0.001296599,32.45798302
3420,0.001296559,32.45730171
3421,0.001296561,32.46433563
3422,0.001296548,32.46462479
3423,0.001296525,32.45678711
3424,0.001296414,32.46765213
3425,0.001296468,32.46715202
3426,0.001296467,32.46740189
3427,0.001296489,32.46383057
3428,0.001296447,32.46367188
3429,0.001296353,32.46587753
3430,0.001296488,32.46504784
3431,0.001296453,32.46345787
3432,0.001296424,32.4606617
3433,0.001296475,32.46348457
3434,0.001296349,32.45222168
3435,0.001296332,32.45554657
3436,0.001296332,32.46355858
3437,0.001296235,32.46532326
3438,0.001296318,32.45460815
3439,0.001296275,32.4567112
3440,0.001296349,32.46519356
3441,0.001296333,32.46055069
3442,0.001296317,32.46453629
3443,0.001296362,32.46766548
3444,0.001296265,32.45912704
3445,0.001296299,32.46808701
3446,0.001296308,32.46565552
3447,0.001296286,32.4604702
3448,0.001296269,32.45901108
3449,0.001296203,32.45723763
3450,0.001296239,32.46428604
3451,0.001296167,32.46265221
3452,0.00129621,32.45858498
3453,0.001296223,32.46343651
3454,0.001296188,32.47077713
3455,0.001296202,32.46554947
3456,0.001296166,32.46572647
3457,0.001296145,32.46230431
3458,0.001296146,32.46717186
3459,0.001296211,32.46432991
3460,0.00129605,32.46209946
3461,0.001295985,32.45991707
3462,0.001296071,32.46441231
3463,0.001296053,32.46573296
3464,0.001296047,32.46611862
3465,0.001296073,32.46673813
3466,0.001296037,32.46296806
3467,0.001296056,32.46673355
3468,0.001296091,32.46681061
3469,0.001295894,32.45542641
3470,0.001296039,32.46265755
3471,0.001296023,32.45870323
3472,0.001296002,32.4650692
3473,0.001295968,32.4588829
3474,0.001295953,32.46241798
3475,0.00129587,32.46300278
